[0.000000] (-) TimerEvent: {}
[0.000764] (lab1_cpp) JobQueued: {'identifier': 'lab1_cpp', 'dependencies': OrderedDict()}
[0.000824] (lab1_py) JobQueued: {'identifier': 'lab1_py', 'dependencies': OrderedDict()}
[0.001022] (lab2) JobQueued: {'identifier': 'lab2', 'dependencies': OrderedDict()}
[0.001146] (lab3) JobQueued: {'identifier': 'lab3', 'dependencies': OrderedDict()}
[0.001255] (lab4) JobQueued: {'identifier': 'lab4', 'dependencies': OrderedDict()}
[0.001303] (lab1_cpp) JobStarted: {'identifier': 'lab1_cpp'}
[0.010046] (lab1_py) JobStarted: {'identifier': 'lab1_py'}
[0.020833] (lab2) JobStarted: {'identifier': 'lab2'}
[0.028338] (lab3) JobStarted: {'identifier': 'lab3'}
[0.035570] (lab4) JobStarted: {'identifier': 'lab4'}
[0.046068] (lab1_cpp) JobProgress: {'identifier': 'lab1_cpp', 'progress': 'cmake'}
[0.046451] (lab1_cpp) Command: {'cmd': ['/usr/bin/cmake', '/home/manavendra/ros2_ws/src/lab1_cpp', '-DCMAKE_INSTALL_PREFIX=/home/manavendra/ros2_ws/src/install/lab1_cpp'], 'cwd': '/home/manavendra/ros2_ws/src/build/lab1_cpp', 'env': OrderedDict([('GJS_DEBUG_TOPICS', 'JS ERROR;JS LOG'), ('LESSOPEN', '| /usr/bin/lesspipe %s'), ('CONDA_PROMPT_MODIFIER', '(base)'), ('LANGUAGE', 'en_CA:en'), ('USER', 'manavendra'), ('SSH_AGENT_PID', '2004'), ('XDG_SESSION_TYPE', 'x11'), ('GIT_ASKPASS', '/usr/share/code/resources/app/extensions/git/dist/askpass.sh'), ('SHLVL', '1'), ('LD_LIBRARY_PATH', '/usr/lib/x86_64-linux-gnu/gazebo-11/plugins:/opt/ros/foxy/opt/yaml_cpp_vendor/lib:/opt/ros/foxy/opt/rviz_ogre_vendor/lib:/opt/ros/foxy/lib/x86_64-linux-gnu:/opt/ros/foxy/lib'), ('HOME', '/home/manavendra'), ('CHROME_DESKTOP', 'code-url-handler.desktop'), ('CONDA_SHLVL', '1'), ('TERM_PROGRAM_VERSION', '1.87.2'), ('DESKTOP_SESSION', 'ubuntu'), ('GIO_LAUNCHED_DESKTOP_FILE', '/usr/share/applications/code.desktop'), ('ROS_PYTHON_VERSION', '3'), ('GNOME_SHELL_SESSION_MODE', 'ubuntu'), ('GTK_MODULES', 'gail:atk-bridge'), ('VSCODE_GIT_ASKPASS_MAIN', '/usr/share/code/resources/app/extensions/git/dist/askpass-main.js'), ('VSCODE_GIT_ASKPASS_NODE', '/usr/share/code/code'), ('MANAGERPID', '1897'), ('DBUS_SESSION_BUS_ADDRESS', 'unix:path=/run/user/1000/bus'), ('COLORTERM', 'truecolor'), ('_CE_M', ''), ('GIO_LAUNCHED_DESKTOP_FILE_PID', '3786'), ('IM_CONFIG_PHASE', '1'), ('ROS_DISTRO', 'foxy'), ('LOGNAME', 'manavendra'), ('JOURNAL_STREAM', '8:45536'), ('_', '/usr/bin/colcon'), ('ROS_VERSION', '2'), ('XDG_SESSION_CLASS', 'user'), ('USERNAME', 'manavendra'), ('TERM', 'xterm-256color'), ('GNOME_DESKTOP_SESSION_ID', 'this-is-deprecated'), ('_CE_CONDA', ''), ('ROS_LOCALHOST_ONLY', '0'), ('WINDOWPATH', '2'), ('PATH', '/opt/ros/foxy/bin:/home/manavendra/.local/bin:/home/manavendra/bin:/home/manavendra/miniconda3/bin:/home/manavendra/miniconda3/condabin:/home/manavendra/.local/bin:/home/manavendra/bin:/usr/local/sbin:/usr/local/bin:/usr/sbin:/usr/bin:/sbin:/bin:/usr/games:/usr/local/games:/snap/bin'), ('SESSION_MANAGER', 'local/manavendra-Lenovo-Y520-15IKBM:@/tmp/.ICE-unix/2042,unix/manavendra-Lenovo-Y520-15IKBM:/tmp/.ICE-unix/2042'), ('INVOCATION_ID', 'b4adbe8a4e73499d9d342351e45cb1e1'), ('XDG_MENU_PREFIX', 'gnome-'), ('XDG_RUNTIME_DIR', '/run/user/1000'), ('GDK_BACKEND', 'x11'), ('DISPLAY', ':1'), ('LANG', 'en_US.UTF-8'), ('XDG_CURRENT_DESKTOP', 'Unity'), ('XMODIFIERS', '@im=ibus'), ('XDG_SESSION_DESKTOP', 'ubuntu'), ('XAUTHORITY', '/run/user/1000/gdm/Xauthority'), ('LS_COLORS', 'rs=0:di=01;34:ln=01;36:mh=00:pi=40;33:so=01;35:do=01;35:bd=40;33;01:cd=40;33;01:or=40;31;01:mi=00:su=37;41:sg=30;43:ca=30;41:tw=30;42:ow=34;42:st=37;44:ex=01;32:*.tar=01;31:*.tgz=01;31:*.arc=01;31:*.arj=01;31:*.taz=01;31:*.lha=01;31:*.lz4=01;31:*.lzh=01;31:*.lzma=01;31:*.tlz=01;31:*.txz=01;31:*.tzo=01;31:*.t7z=01;31:*.zip=01;31:*.z=01;31:*.dz=01;31:*.gz=01;31:*.lrz=01;31:*.lz=01;31:*.lzo=01;31:*.xz=01;31:*.zst=01;31:*.tzst=01;31:*.bz2=01;31:*.bz=01;31:*.tbz=01;31:*.tbz2=01;31:*.tz=01;31:*.deb=01;31:*.rpm=01;31:*.jar=01;31:*.war=01;31:*.ear=01;31:*.sar=01;31:*.rar=01;31:*.alz=01;31:*.ace=01;31:*.zoo=01;31:*.cpio=01;31:*.7z=01;31:*.rz=01;31:*.cab=01;31:*.wim=01;31:*.swm=01;31:*.dwm=01;31:*.esd=01;31:*.jpg=01;35:*.jpeg=01;35:*.mjpg=01;35:*.mjpeg=01;35:*.gif=01;35:*.bmp=01;35:*.pbm=01;35:*.pgm=01;35:*.ppm=01;35:*.tga=01;35:*.xbm=01;35:*.xpm=01;35:*.tif=01;35:*.tiff=01;35:*.png=01;35:*.svg=01;35:*.svgz=01;35:*.mng=01;35:*.pcx=01;35:*.mov=01;35:*.mpg=01;35:*.mpeg=01;35:*.m2v=01;35:*.mkv=01;35:*.webm=01;35:*.ogm=01;35:*.mp4=01;35:*.m4v=01;35:*.mp4v=01;35:*.vob=01;35:*.qt=01;35:*.nuv=01;35:*.wmv=01;35:*.asf=01;35:*.rm=01;35:*.rmvb=01;35:*.flc=01;35:*.avi=01;35:*.fli=01;35:*.flv=01;35:*.gl=01;35:*.dl=01;35:*.xcf=01;35:*.xwd=01;35:*.yuv=01;35:*.cgm=01;35:*.emf=01;35:*.ogv=01;35:*.ogx=01;35:*.aac=00;36:*.au=00;36:*.flac=00;36:*.m4a=00;36:*.mid=00;36:*.midi=00;36:*.mka=00;36:*.mp3=00;36:*.mpc=00;36:*.ogg=00;36:*.ra=00;36:*.wav=00;36:*.oga=00;36:*.opus=00;36:*.spx=00;36:*.xspf=00;36:'), ('VSCODE_GIT_IPC_HANDLE', '/run/user/1000/vscode-git-9bbc954ee4.sock'), ('TERM_PROGRAM', 'vscode'), ('SSH_AUTH_SOCK', '/run/user/1000/keyring/ssh'), ('AMENT_PREFIX_PATH', '/opt/ros/foxy'), ('CONDA_PYTHON_EXE', '/home/manavendra/miniconda3/bin/python'), ('ORIGINAL_XDG_CURRENT_DESKTOP', 'ubuntu:GNOME'), ('SHELL', '/bin/bash'), ('QT_ACCESSIBILITY', '1'), ('GDMSESSION', 'ubuntu'), ('LESSCLOSE', '/usr/bin/lesspipe %s %s'), ('CONDA_DEFAULT_ENV', 'base'), ('GPG_AGENT_INFO', '/run/user/1000/gnupg/S.gpg-agent:0:1'), ('GJS_DEBUG_OUTPUT', 'stderr'), ('VSCODE_GIT_ASKPASS_EXTRA_ARGS', ''), ('QT_IM_MODULE', 'ibus'), ('PWD', '/home/manavendra/ros2_ws/src/build/lab1_cpp'), ('LC_ALL', 'en_US.UTF-8'), ('XDG_CONFIG_DIRS', '/etc/xdg/xdg-ubuntu:/etc/xdg'), ('CONDA_EXE', '/home/manavendra/miniconda3/bin/conda'), ('XDG_DATA_DIRS', '/usr/share/ubuntu:/usr/local/share/:/usr/share/:/var/lib/snapd/desktop'), ('PYTHONPATH', '/opt/ros/foxy/lib/python3.8/site-packages'), ('CONDA_PREFIX', '/home/manavendra/miniconda3'), ('COLCON', '1'), ('CMAKE_PREFIX_PATH', '/opt/ros/foxy')]), 'shell': False}
[0.099863] (-) TimerEvent: {}
[0.200289] (-) TimerEvent: {}
[0.300595] (-) TimerEvent: {}
[0.347135] (lab2) JobProgress: {'identifier': 'lab2', 'progress': 'cmake'}
[0.349124] (lab2) Command: {'cmd': ['/usr/bin/cmake', '/home/manavendra/ros2_ws/src/lab2', '-DCMAKE_INSTALL_PREFIX=/home/manavendra/ros2_ws/src/install/lab2'], 'cwd': '/home/manavendra/ros2_ws/src/build/lab2', 'env': OrderedDict([('GJS_DEBUG_TOPICS', 'JS ERROR;JS LOG'), ('LESSOPEN', '| /usr/bin/lesspipe %s'), ('CONDA_PROMPT_MODIFIER', '(base)'), ('LANGUAGE', 'en_CA:en'), ('USER', 'manavendra'), ('SSH_AGENT_PID', '2004'), ('XDG_SESSION_TYPE', 'x11'), ('GIT_ASKPASS', '/usr/share/code/resources/app/extensions/git/dist/askpass.sh'), ('SHLVL', '1'), ('LD_LIBRARY_PATH', '/usr/lib/x86_64-linux-gnu/gazebo-11/plugins:/opt/ros/foxy/opt/yaml_cpp_vendor/lib:/opt/ros/foxy/opt/rviz_ogre_vendor/lib:/opt/ros/foxy/lib/x86_64-linux-gnu:/opt/ros/foxy/lib'), ('HOME', '/home/manavendra'), ('CHROME_DESKTOP', 'code-url-handler.desktop'), ('CONDA_SHLVL', '1'), ('TERM_PROGRAM_VERSION', '1.87.2'), ('DESKTOP_SESSION', 'ubuntu'), ('GIO_LAUNCHED_DESKTOP_FILE', '/usr/share/applications/code.desktop'), ('ROS_PYTHON_VERSION', '3'), ('GNOME_SHELL_SESSION_MODE', 'ubuntu'), ('GTK_MODULES', 'gail:atk-bridge'), ('VSCODE_GIT_ASKPASS_MAIN', '/usr/share/code/resources/app/extensions/git/dist/askpass-main.js'), ('VSCODE_GIT_ASKPASS_NODE', '/usr/share/code/code'), ('MANAGERPID', '1897'), ('DBUS_SESSION_BUS_ADDRESS', 'unix:path=/run/user/1000/bus'), ('COLORTERM', 'truecolor'), ('_CE_M', ''), ('GIO_LAUNCHED_DESKTOP_FILE_PID', '3786'), ('IM_CONFIG_PHASE', '1'), ('ROS_DISTRO', 'foxy'), ('LOGNAME', 'manavendra'), ('JOURNAL_STREAM', '8:45536'), ('_', '/usr/bin/colcon'), ('ROS_VERSION', '2'), ('XDG_SESSION_CLASS', 'user'), ('USERNAME', 'manavendra'), ('TERM', 'xterm-256color'), ('GNOME_DESKTOP_SESSION_ID', 'this-is-deprecated'), ('_CE_CONDA', ''), ('ROS_LOCALHOST_ONLY', '0'), ('WINDOWPATH', '2'), ('PATH', '/opt/ros/foxy/bin:/home/manavendra/.local/bin:/home/manavendra/bin:/home/manavendra/miniconda3/bin:/home/manavendra/miniconda3/condabin:/home/manavendra/.local/bin:/home/manavendra/bin:/usr/local/sbin:/usr/local/bin:/usr/sbin:/usr/bin:/sbin:/bin:/usr/games:/usr/local/games:/snap/bin'), ('SESSION_MANAGER', 'local/manavendra-Lenovo-Y520-15IKBM:@/tmp/.ICE-unix/2042,unix/manavendra-Lenovo-Y520-15IKBM:/tmp/.ICE-unix/2042'), ('INVOCATION_ID', 'b4adbe8a4e73499d9d342351e45cb1e1'), ('XDG_MENU_PREFIX', 'gnome-'), ('XDG_RUNTIME_DIR', '/run/user/1000'), ('GDK_BACKEND', 'x11'), ('DISPLAY', ':1'), ('LANG', 'en_US.UTF-8'), ('XDG_CURRENT_DESKTOP', 'Unity'), ('XMODIFIERS', '@im=ibus'), ('XDG_SESSION_DESKTOP', 'ubuntu'), ('XAUTHORITY', '/run/user/1000/gdm/Xauthority'), ('LS_COLORS', 'rs=0:di=01;34:ln=01;36:mh=00:pi=40;33:so=01;35:do=01;35:bd=40;33;01:cd=40;33;01:or=40;31;01:mi=00:su=37;41:sg=30;43:ca=30;41:tw=30;42:ow=34;42:st=37;44:ex=01;32:*.tar=01;31:*.tgz=01;31:*.arc=01;31:*.arj=01;31:*.taz=01;31:*.lha=01;31:*.lz4=01;31:*.lzh=01;31:*.lzma=01;31:*.tlz=01;31:*.txz=01;31:*.tzo=01;31:*.t7z=01;31:*.zip=01;31:*.z=01;31:*.dz=01;31:*.gz=01;31:*.lrz=01;31:*.lz=01;31:*.lzo=01;31:*.xz=01;31:*.zst=01;31:*.tzst=01;31:*.bz2=01;31:*.bz=01;31:*.tbz=01;31:*.tbz2=01;31:*.tz=01;31:*.deb=01;31:*.rpm=01;31:*.jar=01;31:*.war=01;31:*.ear=01;31:*.sar=01;31:*.rar=01;31:*.alz=01;31:*.ace=01;31:*.zoo=01;31:*.cpio=01;31:*.7z=01;31:*.rz=01;31:*.cab=01;31:*.wim=01;31:*.swm=01;31:*.dwm=01;31:*.esd=01;31:*.jpg=01;35:*.jpeg=01;35:*.mjpg=01;35:*.mjpeg=01;35:*.gif=01;35:*.bmp=01;35:*.pbm=01;35:*.pgm=01;35:*.ppm=01;35:*.tga=01;35:*.xbm=01;35:*.xpm=01;35:*.tif=01;35:*.tiff=01;35:*.png=01;35:*.svg=01;35:*.svgz=01;35:*.mng=01;35:*.pcx=01;35:*.mov=01;35:*.mpg=01;35:*.mpeg=01;35:*.m2v=01;35:*.mkv=01;35:*.webm=01;35:*.ogm=01;35:*.mp4=01;35:*.m4v=01;35:*.mp4v=01;35:*.vob=01;35:*.qt=01;35:*.nuv=01;35:*.wmv=01;35:*.asf=01;35:*.rm=01;35:*.rmvb=01;35:*.flc=01;35:*.avi=01;35:*.fli=01;35:*.flv=01;35:*.gl=01;35:*.dl=01;35:*.xcf=01;35:*.xwd=01;35:*.yuv=01;35:*.cgm=01;35:*.emf=01;35:*.ogv=01;35:*.ogx=01;35:*.aac=00;36:*.au=00;36:*.flac=00;36:*.m4a=00;36:*.mid=00;36:*.midi=00;36:*.mka=00;36:*.mp3=00;36:*.mpc=00;36:*.ogg=00;36:*.ra=00;36:*.wav=00;36:*.oga=00;36:*.opus=00;36:*.spx=00;36:*.xspf=00;36:'), ('VSCODE_GIT_IPC_HANDLE', '/run/user/1000/vscode-git-9bbc954ee4.sock'), ('TERM_PROGRAM', 'vscode'), ('SSH_AUTH_SOCK', '/run/user/1000/keyring/ssh'), ('AMENT_PREFIX_PATH', '/opt/ros/foxy'), ('CONDA_PYTHON_EXE', '/home/manavendra/miniconda3/bin/python'), ('ORIGINAL_XDG_CURRENT_DESKTOP', 'ubuntu:GNOME'), ('SHELL', '/bin/bash'), ('QT_ACCESSIBILITY', '1'), ('GDMSESSION', 'ubuntu'), ('LESSCLOSE', '/usr/bin/lesspipe %s %s'), ('CONDA_DEFAULT_ENV', 'base'), ('GPG_AGENT_INFO', '/run/user/1000/gnupg/S.gpg-agent:0:1'), ('GJS_DEBUG_OUTPUT', 'stderr'), ('VSCODE_GIT_ASKPASS_EXTRA_ARGS', ''), ('QT_IM_MODULE', 'ibus'), ('PWD', '/home/manavendra/ros2_ws/src/build/lab2'), ('LC_ALL', 'en_US.UTF-8'), ('XDG_CONFIG_DIRS', '/etc/xdg/xdg-ubuntu:/etc/xdg'), ('CONDA_EXE', '/home/manavendra/miniconda3/bin/conda'), ('XDG_DATA_DIRS', '/usr/share/ubuntu:/usr/local/share/:/usr/share/:/var/lib/snapd/desktop'), ('PYTHONPATH', '/opt/ros/foxy/lib/python3.8/site-packages'), ('CONDA_PREFIX', '/home/manavendra/miniconda3'), ('COLCON', '1'), ('CMAKE_PREFIX_PATH', '/opt/ros/foxy')]), 'shell': False}
[0.354729] (lab3) JobProgress: {'identifier': 'lab3', 'progress': 'cmake'}
[0.355848] (lab3) Command: {'cmd': ['/usr/bin/cmake', '/home/manavendra/ros2_ws/src/lab3', '-DCMAKE_INSTALL_PREFIX=/home/manavendra/ros2_ws/src/install/lab3'], 'cwd': '/home/manavendra/ros2_ws/src/build/lab3', 'env': OrderedDict([('GJS_DEBUG_TOPICS', 'JS ERROR;JS LOG'), ('LESSOPEN', '| /usr/bin/lesspipe %s'), ('CONDA_PROMPT_MODIFIER', '(base)'), ('LANGUAGE', 'en_CA:en'), ('USER', 'manavendra'), ('SSH_AGENT_PID', '2004'), ('XDG_SESSION_TYPE', 'x11'), ('GIT_ASKPASS', '/usr/share/code/resources/app/extensions/git/dist/askpass.sh'), ('SHLVL', '1'), ('LD_LIBRARY_PATH', '/usr/lib/x86_64-linux-gnu/gazebo-11/plugins:/opt/ros/foxy/opt/yaml_cpp_vendor/lib:/opt/ros/foxy/opt/rviz_ogre_vendor/lib:/opt/ros/foxy/lib/x86_64-linux-gnu:/opt/ros/foxy/lib'), ('HOME', '/home/manavendra'), ('CHROME_DESKTOP', 'code-url-handler.desktop'), ('CONDA_SHLVL', '1'), ('TERM_PROGRAM_VERSION', '1.87.2'), ('DESKTOP_SESSION', 'ubuntu'), ('GIO_LAUNCHED_DESKTOP_FILE', '/usr/share/applications/code.desktop'), ('ROS_PYTHON_VERSION', '3'), ('GNOME_SHELL_SESSION_MODE', 'ubuntu'), ('GTK_MODULES', 'gail:atk-bridge'), ('VSCODE_GIT_ASKPASS_MAIN', '/usr/share/code/resources/app/extensions/git/dist/askpass-main.js'), ('VSCODE_GIT_ASKPASS_NODE', '/usr/share/code/code'), ('MANAGERPID', '1897'), ('DBUS_SESSION_BUS_ADDRESS', 'unix:path=/run/user/1000/bus'), ('COLORTERM', 'truecolor'), ('_CE_M', ''), ('GIO_LAUNCHED_DESKTOP_FILE_PID', '3786'), ('IM_CONFIG_PHASE', '1'), ('ROS_DISTRO', 'foxy'), ('LOGNAME', 'manavendra'), ('JOURNAL_STREAM', '8:45536'), ('_', '/usr/bin/colcon'), ('ROS_VERSION', '2'), ('XDG_SESSION_CLASS', 'user'), ('USERNAME', 'manavendra'), ('TERM', 'xterm-256color'), ('GNOME_DESKTOP_SESSION_ID', 'this-is-deprecated'), ('_CE_CONDA', ''), ('ROS_LOCALHOST_ONLY', '0'), ('WINDOWPATH', '2'), ('PATH', '/opt/ros/foxy/bin:/home/manavendra/.local/bin:/home/manavendra/bin:/home/manavendra/miniconda3/bin:/home/manavendra/miniconda3/condabin:/home/manavendra/.local/bin:/home/manavendra/bin:/usr/local/sbin:/usr/local/bin:/usr/sbin:/usr/bin:/sbin:/bin:/usr/games:/usr/local/games:/snap/bin'), ('SESSION_MANAGER', 'local/manavendra-Lenovo-Y520-15IKBM:@/tmp/.ICE-unix/2042,unix/manavendra-Lenovo-Y520-15IKBM:/tmp/.ICE-unix/2042'), ('INVOCATION_ID', 'b4adbe8a4e73499d9d342351e45cb1e1'), ('XDG_MENU_PREFIX', 'gnome-'), ('XDG_RUNTIME_DIR', '/run/user/1000'), ('GDK_BACKEND', 'x11'), ('DISPLAY', ':1'), ('LANG', 'en_US.UTF-8'), ('XDG_CURRENT_DESKTOP', 'Unity'), ('XMODIFIERS', '@im=ibus'), ('XDG_SESSION_DESKTOP', 'ubuntu'), ('XAUTHORITY', '/run/user/1000/gdm/Xauthority'), ('LS_COLORS', 'rs=0:di=01;34:ln=01;36:mh=00:pi=40;33:so=01;35:do=01;35:bd=40;33;01:cd=40;33;01:or=40;31;01:mi=00:su=37;41:sg=30;43:ca=30;41:tw=30;42:ow=34;42:st=37;44:ex=01;32:*.tar=01;31:*.tgz=01;31:*.arc=01;31:*.arj=01;31:*.taz=01;31:*.lha=01;31:*.lz4=01;31:*.lzh=01;31:*.lzma=01;31:*.tlz=01;31:*.txz=01;31:*.tzo=01;31:*.t7z=01;31:*.zip=01;31:*.z=01;31:*.dz=01;31:*.gz=01;31:*.lrz=01;31:*.lz=01;31:*.lzo=01;31:*.xz=01;31:*.zst=01;31:*.tzst=01;31:*.bz2=01;31:*.bz=01;31:*.tbz=01;31:*.tbz2=01;31:*.tz=01;31:*.deb=01;31:*.rpm=01;31:*.jar=01;31:*.war=01;31:*.ear=01;31:*.sar=01;31:*.rar=01;31:*.alz=01;31:*.ace=01;31:*.zoo=01;31:*.cpio=01;31:*.7z=01;31:*.rz=01;31:*.cab=01;31:*.wim=01;31:*.swm=01;31:*.dwm=01;31:*.esd=01;31:*.jpg=01;35:*.jpeg=01;35:*.mjpg=01;35:*.mjpeg=01;35:*.gif=01;35:*.bmp=01;35:*.pbm=01;35:*.pgm=01;35:*.ppm=01;35:*.tga=01;35:*.xbm=01;35:*.xpm=01;35:*.tif=01;35:*.tiff=01;35:*.png=01;35:*.svg=01;35:*.svgz=01;35:*.mng=01;35:*.pcx=01;35:*.mov=01;35:*.mpg=01;35:*.mpeg=01;35:*.m2v=01;35:*.mkv=01;35:*.webm=01;35:*.ogm=01;35:*.mp4=01;35:*.m4v=01;35:*.mp4v=01;35:*.vob=01;35:*.qt=01;35:*.nuv=01;35:*.wmv=01;35:*.asf=01;35:*.rm=01;35:*.rmvb=01;35:*.flc=01;35:*.avi=01;35:*.fli=01;35:*.flv=01;35:*.gl=01;35:*.dl=01;35:*.xcf=01;35:*.xwd=01;35:*.yuv=01;35:*.cgm=01;35:*.emf=01;35:*.ogv=01;35:*.ogx=01;35:*.aac=00;36:*.au=00;36:*.flac=00;36:*.m4a=00;36:*.mid=00;36:*.midi=00;36:*.mka=00;36:*.mp3=00;36:*.mpc=00;36:*.ogg=00;36:*.ra=00;36:*.wav=00;36:*.oga=00;36:*.opus=00;36:*.spx=00;36:*.xspf=00;36:'), ('VSCODE_GIT_IPC_HANDLE', '/run/user/1000/vscode-git-9bbc954ee4.sock'), ('TERM_PROGRAM', 'vscode'), ('SSH_AUTH_SOCK', '/run/user/1000/keyring/ssh'), ('AMENT_PREFIX_PATH', '/opt/ros/foxy'), ('CONDA_PYTHON_EXE', '/home/manavendra/miniconda3/bin/python'), ('ORIGINAL_XDG_CURRENT_DESKTOP', 'ubuntu:GNOME'), ('SHELL', '/bin/bash'), ('QT_ACCESSIBILITY', '1'), ('GDMSESSION', 'ubuntu'), ('LESSCLOSE', '/usr/bin/lesspipe %s %s'), ('CONDA_DEFAULT_ENV', 'base'), ('GPG_AGENT_INFO', '/run/user/1000/gnupg/S.gpg-agent:0:1'), ('GJS_DEBUG_OUTPUT', 'stderr'), ('VSCODE_GIT_ASKPASS_EXTRA_ARGS', ''), ('QT_IM_MODULE', 'ibus'), ('PWD', '/home/manavendra/ros2_ws/src/build/lab3'), ('LC_ALL', 'en_US.UTF-8'), ('XDG_CONFIG_DIRS', '/etc/xdg/xdg-ubuntu:/etc/xdg'), ('CONDA_EXE', '/home/manavendra/miniconda3/bin/conda'), ('XDG_DATA_DIRS', '/usr/share/ubuntu:/usr/local/share/:/usr/share/:/var/lib/snapd/desktop'), ('PYTHONPATH', '/opt/ros/foxy/lib/python3.8/site-packages'), ('CONDA_PREFIX', '/home/manavendra/miniconda3'), ('COLCON', '1'), ('CMAKE_PREFIX_PATH', '/opt/ros/foxy')]), 'shell': False}
[0.360888] (lab4) JobProgress: {'identifier': 'lab4', 'progress': 'cmake'}
[0.361901] (lab4) Command: {'cmd': ['/usr/bin/cmake', '/home/manavendra/ros2_ws/src/lab4', '-DCMAKE_INSTALL_PREFIX=/home/manavendra/ros2_ws/src/install/lab4'], 'cwd': '/home/manavendra/ros2_ws/src/build/lab4', 'env': OrderedDict([('GJS_DEBUG_TOPICS', 'JS ERROR;JS LOG'), ('LESSOPEN', '| /usr/bin/lesspipe %s'), ('CONDA_PROMPT_MODIFIER', '(base)'), ('LANGUAGE', 'en_CA:en'), ('USER', 'manavendra'), ('SSH_AGENT_PID', '2004'), ('XDG_SESSION_TYPE', 'x11'), ('GIT_ASKPASS', '/usr/share/code/resources/app/extensions/git/dist/askpass.sh'), ('SHLVL', '1'), ('LD_LIBRARY_PATH', '/usr/lib/x86_64-linux-gnu/gazebo-11/plugins:/opt/ros/foxy/opt/yaml_cpp_vendor/lib:/opt/ros/foxy/opt/rviz_ogre_vendor/lib:/opt/ros/foxy/lib/x86_64-linux-gnu:/opt/ros/foxy/lib'), ('HOME', '/home/manavendra'), ('CHROME_DESKTOP', 'code-url-handler.desktop'), ('CONDA_SHLVL', '1'), ('TERM_PROGRAM_VERSION', '1.87.2'), ('DESKTOP_SESSION', 'ubuntu'), ('GIO_LAUNCHED_DESKTOP_FILE', '/usr/share/applications/code.desktop'), ('ROS_PYTHON_VERSION', '3'), ('GNOME_SHELL_SESSION_MODE', 'ubuntu'), ('GTK_MODULES', 'gail:atk-bridge'), ('VSCODE_GIT_ASKPASS_MAIN', '/usr/share/code/resources/app/extensions/git/dist/askpass-main.js'), ('VSCODE_GIT_ASKPASS_NODE', '/usr/share/code/code'), ('MANAGERPID', '1897'), ('DBUS_SESSION_BUS_ADDRESS', 'unix:path=/run/user/1000/bus'), ('COLORTERM', 'truecolor'), ('_CE_M', ''), ('GIO_LAUNCHED_DESKTOP_FILE_PID', '3786'), ('IM_CONFIG_PHASE', '1'), ('ROS_DISTRO', 'foxy'), ('LOGNAME', 'manavendra'), ('JOURNAL_STREAM', '8:45536'), ('_', '/usr/bin/colcon'), ('ROS_VERSION', '2'), ('XDG_SESSION_CLASS', 'user'), ('USERNAME', 'manavendra'), ('TERM', 'xterm-256color'), ('GNOME_DESKTOP_SESSION_ID', 'this-is-deprecated'), ('_CE_CONDA', ''), ('ROS_LOCALHOST_ONLY', '0'), ('WINDOWPATH', '2'), ('PATH', '/opt/ros/foxy/bin:/home/manavendra/.local/bin:/home/manavendra/bin:/home/manavendra/miniconda3/bin:/home/manavendra/miniconda3/condabin:/home/manavendra/.local/bin:/home/manavendra/bin:/usr/local/sbin:/usr/local/bin:/usr/sbin:/usr/bin:/sbin:/bin:/usr/games:/usr/local/games:/snap/bin'), ('SESSION_MANAGER', 'local/manavendra-Lenovo-Y520-15IKBM:@/tmp/.ICE-unix/2042,unix/manavendra-Lenovo-Y520-15IKBM:/tmp/.ICE-unix/2042'), ('INVOCATION_ID', 'b4adbe8a4e73499d9d342351e45cb1e1'), ('XDG_MENU_PREFIX', 'gnome-'), ('XDG_RUNTIME_DIR', '/run/user/1000'), ('GDK_BACKEND', 'x11'), ('DISPLAY', ':1'), ('LANG', 'en_US.UTF-8'), ('XDG_CURRENT_DESKTOP', 'Unity'), ('XMODIFIERS', '@im=ibus'), ('XDG_SESSION_DESKTOP', 'ubuntu'), ('XAUTHORITY', '/run/user/1000/gdm/Xauthority'), ('LS_COLORS', 'rs=0:di=01;34:ln=01;36:mh=00:pi=40;33:so=01;35:do=01;35:bd=40;33;01:cd=40;33;01:or=40;31;01:mi=00:su=37;41:sg=30;43:ca=30;41:tw=30;42:ow=34;42:st=37;44:ex=01;32:*.tar=01;31:*.tgz=01;31:*.arc=01;31:*.arj=01;31:*.taz=01;31:*.lha=01;31:*.lz4=01;31:*.lzh=01;31:*.lzma=01;31:*.tlz=01;31:*.txz=01;31:*.tzo=01;31:*.t7z=01;31:*.zip=01;31:*.z=01;31:*.dz=01;31:*.gz=01;31:*.lrz=01;31:*.lz=01;31:*.lzo=01;31:*.xz=01;31:*.zst=01;31:*.tzst=01;31:*.bz2=01;31:*.bz=01;31:*.tbz=01;31:*.tbz2=01;31:*.tz=01;31:*.deb=01;31:*.rpm=01;31:*.jar=01;31:*.war=01;31:*.ear=01;31:*.sar=01;31:*.rar=01;31:*.alz=01;31:*.ace=01;31:*.zoo=01;31:*.cpio=01;31:*.7z=01;31:*.rz=01;31:*.cab=01;31:*.wim=01;31:*.swm=01;31:*.dwm=01;31:*.esd=01;31:*.jpg=01;35:*.jpeg=01;35:*.mjpg=01;35:*.mjpeg=01;35:*.gif=01;35:*.bmp=01;35:*.pbm=01;35:*.pgm=01;35:*.ppm=01;35:*.tga=01;35:*.xbm=01;35:*.xpm=01;35:*.tif=01;35:*.tiff=01;35:*.png=01;35:*.svg=01;35:*.svgz=01;35:*.mng=01;35:*.pcx=01;35:*.mov=01;35:*.mpg=01;35:*.mpeg=01;35:*.m2v=01;35:*.mkv=01;35:*.webm=01;35:*.ogm=01;35:*.mp4=01;35:*.m4v=01;35:*.mp4v=01;35:*.vob=01;35:*.qt=01;35:*.nuv=01;35:*.wmv=01;35:*.asf=01;35:*.rm=01;35:*.rmvb=01;35:*.flc=01;35:*.avi=01;35:*.fli=01;35:*.flv=01;35:*.gl=01;35:*.dl=01;35:*.xcf=01;35:*.xwd=01;35:*.yuv=01;35:*.cgm=01;35:*.emf=01;35:*.ogv=01;35:*.ogx=01;35:*.aac=00;36:*.au=00;36:*.flac=00;36:*.m4a=00;36:*.mid=00;36:*.midi=00;36:*.mka=00;36:*.mp3=00;36:*.mpc=00;36:*.ogg=00;36:*.ra=00;36:*.wav=00;36:*.oga=00;36:*.opus=00;36:*.spx=00;36:*.xspf=00;36:'), ('VSCODE_GIT_IPC_HANDLE', '/run/user/1000/vscode-git-9bbc954ee4.sock'), ('TERM_PROGRAM', 'vscode'), ('SSH_AUTH_SOCK', '/run/user/1000/keyring/ssh'), ('AMENT_PREFIX_PATH', '/opt/ros/foxy'), ('CONDA_PYTHON_EXE', '/home/manavendra/miniconda3/bin/python'), ('ORIGINAL_XDG_CURRENT_DESKTOP', 'ubuntu:GNOME'), ('SHELL', '/bin/bash'), ('QT_ACCESSIBILITY', '1'), ('GDMSESSION', 'ubuntu'), ('LESSCLOSE', '/usr/bin/lesspipe %s %s'), ('CONDA_DEFAULT_ENV', 'base'), ('GPG_AGENT_INFO', '/run/user/1000/gnupg/S.gpg-agent:0:1'), ('GJS_DEBUG_OUTPUT', 'stderr'), ('VSCODE_GIT_ASKPASS_EXTRA_ARGS', ''), ('QT_IM_MODULE', 'ibus'), ('PWD', '/home/manavendra/ros2_ws/src/build/lab4'), ('LC_ALL', 'en_US.UTF-8'), ('XDG_CONFIG_DIRS', '/etc/xdg/xdg-ubuntu:/etc/xdg'), ('CONDA_EXE', '/home/manavendra/miniconda3/bin/conda'), ('XDG_DATA_DIRS', '/usr/share/ubuntu:/usr/local/share/:/usr/share/:/var/lib/snapd/desktop'), ('PYTHONPATH', '/opt/ros/foxy/lib/python3.8/site-packages'), ('CONDA_PREFIX', '/home/manavendra/miniconda3'), ('COLCON', '1'), ('CMAKE_PREFIX_PATH', '/opt/ros/foxy')]), 'shell': False}
[0.366280] (lab1_cpp) StdoutLine: {'line': b'-- The C compiler identification is GNU 9.4.0\n'}
[0.368101] (lab1_cpp) StdoutLine: {'line': b'-- The CXX compiler identification is GNU 9.4.0\n'}
[0.368727] (lab1_cpp) StdoutLine: {'line': b'-- Check for working C compiler: /usr/bin/cc\n'}
[0.369270] (lab1_cpp) StdoutLine: {'line': b'-- Check for working C compiler: /usr/bin/cc -- works\n'}
[0.369940] (lab1_cpp) StdoutLine: {'line': b'-- Detecting C compiler ABI info\n'}
[0.400768] (-) TimerEvent: {}
[0.407811] (lab1_cpp) StdoutLine: {'line': b'-- Detecting C compiler ABI info - done\n'}
[0.421645] (lab2) StdoutLine: {'line': b'-- The C compiler identification is GNU 9.4.0\n'}
[0.430274] (lab1_cpp) StdoutLine: {'line': b'-- Detecting C compile features\n'}
[0.431111] (lab1_cpp) StdoutLine: {'line': b'-- Detecting C compile features - done\n'}
[0.431859] (lab3) StdoutLine: {'line': b'-- The C compiler identification is GNU 9.4.0\n'}
[0.434686] (lab1_cpp) StdoutLine: {'line': b'-- Check for working CXX compiler: /usr/bin/c++\n'}
[0.435481] (lab4) StdoutLine: {'line': b'-- The C compiler identification is GNU 9.4.0\n'}
[0.495194] (lab2) StdoutLine: {'line': b'-- The CXX compiler identification is GNU 9.4.0\n'}
[0.500834] (-) TimerEvent: {}
[0.501167] (lab2) StdoutLine: {'line': b'-- Check for working C compiler: /usr/bin/cc\n'}
[0.502363] (lab4) StdoutLine: {'line': b'-- The CXX compiler identification is GNU 9.4.0\n'}
[0.509820] (lab3) StdoutLine: {'line': b'-- The CXX compiler identification is GNU 9.4.0\n'}
[0.512358] (lab4) StdoutLine: {'line': b'-- Check for working C compiler: /usr/bin/cc\n'}
[0.517942] (lab3) StdoutLine: {'line': b'-- Check for working C compiler: /usr/bin/cc\n'}
[0.540516] (lab1_cpp) StdoutLine: {'line': b'-- Check for working CXX compiler: /usr/bin/c++ -- works\n'}
[0.541885] (lab1_cpp) StdoutLine: {'line': b'-- Detecting CXX compiler ABI info\n'}
[0.600939] (-) TimerEvent: {}
[0.614258] (lab2) StdoutLine: {'line': b'-- Check for working C compiler: /usr/bin/cc -- works\n'}
[0.614483] (lab2) StdoutLine: {'line': b'-- Detecting C compiler ABI info\n'}
[0.616076] (lab4) StdoutLine: {'line': b'-- Check for working C compiler: /usr/bin/cc -- works\n'}
[0.617510] (lab4) StdoutLine: {'line': b'-- Detecting C compiler ABI info\n'}
[0.620591] (lab3) StdoutLine: {'line': b'-- Check for working C compiler: /usr/bin/cc -- works\n'}
[0.621595] (lab3) StdoutLine: {'line': b'-- Detecting C compiler ABI info\n'}
[0.678737] (lab1_cpp) StdoutLine: {'line': b'-- Detecting CXX compiler ABI info - done\n'}
[0.701043] (-) TimerEvent: {}
[0.703475] (lab1_cpp) StdoutLine: {'line': b'-- Detecting CXX compile features\n'}
[0.704438] (lab1_cpp) StdoutLine: {'line': b'-- Detecting CXX compile features - done\n'}
[0.709485] (lab1_cpp) StdoutLine: {'line': b'-- Found ament_cmake: 0.9.12 (/opt/ros/foxy/share/ament_cmake/cmake)\n'}
[0.720639] (lab3) StdoutLine: {'line': b'-- Detecting C compiler ABI info - done\n'}
[0.720924] (lab4) StdoutLine: {'line': b'-- Detecting C compiler ABI info - done\n'}
[0.721817] (lab2) StdoutLine: {'line': b'-- Detecting C compiler ABI info - done\n'}
[0.745178] (lab2) StdoutLine: {'line': b'-- Detecting C compile features\n'}
[0.745871] (lab2) StdoutLine: {'line': b'-- Detecting C compile features - done\n'}
[0.746641] (lab4) StdoutLine: {'line': b'-- Detecting C compile features\n'}
[0.747509] (lab4) StdoutLine: {'line': b'-- Detecting C compile features - done\n'}
[0.747977] (lab3) StdoutLine: {'line': b'-- Detecting C compile features\n'}
[0.748902] (lab3) StdoutLine: {'line': b'-- Detecting C compile features - done\n'}
[0.750173] (lab2) StdoutLine: {'line': b'-- Check for working CXX compiler: /usr/bin/c++\n'}
[0.751048] (lab1_cpp) StdoutLine: {'line': b'-- Found PythonInterp: /home/manavendra/miniconda3/bin/python3 (found suitable version "3.11.4", minimum required is "3") \n'}
[0.751485] (lab1_cpp) StdoutLine: {'line': b'-- Using PYTHON_EXECUTABLE: /home/manavendra/miniconda3/bin/python3\n'}
[0.753045] (lab4) StdoutLine: {'line': b'-- Check for working CXX compiler: /usr/bin/c++\n'}
[0.753637] (lab3) StdoutLine: {'line': b'-- Check for working CXX compiler: /usr/bin/c++\n'}
[0.801140] (-) TimerEvent: {}
[0.861019] (lab2) StdoutLine: {'line': b'-- Check for working CXX compiler: /usr/bin/c++ -- works\n'}
[0.862875] (lab2) StdoutLine: {'line': b'-- Detecting CXX compiler ABI info\n'}
[0.879867] (lab3) StdoutLine: {'line': b'-- Check for working CXX compiler: /usr/bin/c++ -- works\n'}
[0.881166] (lab3) StdoutLine: {'line': b'-- Detecting CXX compiler ABI info\n'}
[0.884723] (lab4) StdoutLine: {'line': b'-- Check for working CXX compiler: /usr/bin/c++ -- works\n'}
[0.886449] (lab4) StdoutLine: {'line': b'-- Detecting CXX compiler ABI info\n'}
[0.901227] (-) TimerEvent: {}
[0.980745] (lab3) StdoutLine: {'line': b'-- Detecting CXX compiler ABI info - done\n'}
[0.981921] (lab2) StdoutLine: {'line': b'-- Detecting CXX compiler ABI info - done\n'}
[0.993432] (lab3) StdoutLine: {'line': b'-- Detecting CXX compile features\n'}
[0.994041] (lab3) StdoutLine: {'line': b'-- Detecting CXX compile features - done\n'}
[0.996410] (lab3) StdoutLine: {'line': b'-- Found ament_cmake: 0.9.12 (/opt/ros/foxy/share/ament_cmake/cmake)\n'}
[0.999786] (lab4) StdoutLine: {'line': b'-- Detecting CXX compiler ABI info - done\n'}
[1.001315] (-) TimerEvent: {}
[1.003703] (lab2) StdoutLine: {'line': b'-- Detecting CXX compile features\n'}
[1.004446] (lab2) StdoutLine: {'line': b'-- Detecting CXX compile features - done\n'}
[1.006629] (lab2) StdoutLine: {'line': b'-- Found ament_cmake: 0.9.12 (/opt/ros/foxy/share/ament_cmake/cmake)\n'}
[1.022255] (lab4) StdoutLine: {'line': b'-- Detecting CXX compile features\n'}
[1.023204] (lab4) StdoutLine: {'line': b'-- Detecting CXX compile features - done\n'}
[1.027133] (lab4) StdoutLine: {'line': b'-- Found ament_cmake: 0.9.12 (/opt/ros/foxy/share/ament_cmake/cmake)\n'}
[1.030546] (lab3) StdoutLine: {'line': b'-- Found PythonInterp: /home/manavendra/miniconda3/bin/python3 (found suitable version "3.11.4", minimum required is "3") \n'}
[1.030836] (lab3) StdoutLine: {'line': b'-- Using PYTHON_EXECUTABLE: /home/manavendra/miniconda3/bin/python3\n'}
[1.036062] (lab2) StdoutLine: {'line': b'-- Found PythonInterp: /home/manavendra/miniconda3/bin/python3 (found suitable version "3.11.4", minimum required is "3") \n'}
[1.036379] (lab2) StdoutLine: {'line': b'-- Using PYTHON_EXECUTABLE: /home/manavendra/miniconda3/bin/python3\n'}
[1.049825] (lab1_cpp) StdoutLine: {'line': b'-- Found rclcpp: 2.4.3 (/opt/ros/foxy/share/rclcpp/cmake)\n'}
[1.056863] (lab4) StdoutLine: {'line': b'-- Found PythonInterp: /home/manavendra/miniconda3/bin/python3 (found suitable version "3.11.4", minimum required is "3") \n'}
[1.057145] (lab4) StdoutLine: {'line': b'-- Using PYTHON_EXECUTABLE: /home/manavendra/miniconda3/bin/python3\n'}
[1.101430] (-) TimerEvent: {}
[1.109668] (lab1_py) Command: {'cmd': ['/usr/bin/python3', '-W', 'ignore:setup.py install is deprecated', 'setup.py', 'egg_info', '--egg-base', '../build/lab1_py', 'build', '--build-base', '/home/manavendra/ros2_ws/src/build/lab1_py/build', 'install', '--record', '/home/manavendra/ros2_ws/src/build/lab1_py/install.log', '--install-scripts', '$base/lib/lab1_py', '--single-version-externally-managed', 'install_data'], 'cwd': '/home/manavendra/ros2_ws/src/lab1_py', 'env': {'GJS_DEBUG_TOPICS': 'JS ERROR;JS LOG', 'LESSOPEN': '| /usr/bin/lesspipe %s', 'CONDA_PROMPT_MODIFIER': '(base)', 'LANGUAGE': 'en_CA:en', 'USER': 'manavendra', 'SSH_AGENT_PID': '2004', 'XDG_SESSION_TYPE': 'x11', 'GIT_ASKPASS': '/usr/share/code/resources/app/extensions/git/dist/askpass.sh', 'SHLVL': '1', 'LD_LIBRARY_PATH': '/usr/lib/x86_64-linux-gnu/gazebo-11/plugins:/opt/ros/foxy/opt/yaml_cpp_vendor/lib:/opt/ros/foxy/opt/rviz_ogre_vendor/lib:/opt/ros/foxy/lib/x86_64-linux-gnu:/opt/ros/foxy/lib', 'HOME': '/home/manavendra', 'CHROME_DESKTOP': 'code-url-handler.desktop', 'CONDA_SHLVL': '1', 'TERM_PROGRAM_VERSION': '1.87.2', 'DESKTOP_SESSION': 'ubuntu', 'GIO_LAUNCHED_DESKTOP_FILE': '/usr/share/applications/code.desktop', 'ROS_PYTHON_VERSION': '3', 'GNOME_SHELL_SESSION_MODE': 'ubuntu', 'GTK_MODULES': 'gail:atk-bridge', 'VSCODE_GIT_ASKPASS_MAIN': '/usr/share/code/resources/app/extensions/git/dist/askpass-main.js', 'VSCODE_GIT_ASKPASS_NODE': '/usr/share/code/code', 'MANAGERPID': '1897', 'DBUS_SESSION_BUS_ADDRESS': 'unix:path=/run/user/1000/bus', 'COLORTERM': 'truecolor', '_CE_M': '', 'GIO_LAUNCHED_DESKTOP_FILE_PID': '3786', 'IM_CONFIG_PHASE': '1', 'ROS_DISTRO': 'foxy', 'LOGNAME': 'manavendra', 'JOURNAL_STREAM': '8:45536', '_': '/usr/bin/colcon', 'ROS_VERSION': '2', 'XDG_SESSION_CLASS': 'user', 'USERNAME': 'manavendra', 'TERM': 'xterm-256color', 'GNOME_DESKTOP_SESSION_ID': 'this-is-deprecated', '_CE_CONDA': '', 'ROS_LOCALHOST_ONLY': '0', 'WINDOWPATH': '2', 'PATH': '/opt/ros/foxy/bin:/home/manavendra/.local/bin:/home/manavendra/bin:/home/manavendra/miniconda3/bin:/home/manavendra/miniconda3/condabin:/home/manavendra/.local/bin:/home/manavendra/bin:/usr/local/sbin:/usr/local/bin:/usr/sbin:/usr/bin:/sbin:/bin:/usr/games:/usr/local/games:/snap/bin', 'SESSION_MANAGER': 'local/manavendra-Lenovo-Y520-15IKBM:@/tmp/.ICE-unix/2042,unix/manavendra-Lenovo-Y520-15IKBM:/tmp/.ICE-unix/2042', 'INVOCATION_ID': 'b4adbe8a4e73499d9d342351e45cb1e1', 'XDG_MENU_PREFIX': 'gnome-', 'XDG_RUNTIME_DIR': '/run/user/1000', 'GDK_BACKEND': 'x11', 'DISPLAY': ':1', 'LANG': 'en_US.UTF-8', 'XDG_CURRENT_DESKTOP': 'Unity', 'XMODIFIERS': '@im=ibus', 'XDG_SESSION_DESKTOP': 'ubuntu', 'XAUTHORITY': '/run/user/1000/gdm/Xauthority', 'LS_COLORS': 'rs=0:di=01;34:ln=01;36:mh=00:pi=40;33:so=01;35:do=01;35:bd=40;33;01:cd=40;33;01:or=40;31;01:mi=00:su=37;41:sg=30;43:ca=30;41:tw=30;42:ow=34;42:st=37;44:ex=01;32:*.tar=01;31:*.tgz=01;31:*.arc=01;31:*.arj=01;31:*.taz=01;31:*.lha=01;31:*.lz4=01;31:*.lzh=01;31:*.lzma=01;31:*.tlz=01;31:*.txz=01;31:*.tzo=01;31:*.t7z=01;31:*.zip=01;31:*.z=01;31:*.dz=01;31:*.gz=01;31:*.lrz=01;31:*.lz=01;31:*.lzo=01;31:*.xz=01;31:*.zst=01;31:*.tzst=01;31:*.bz2=01;31:*.bz=01;31:*.tbz=01;31:*.tbz2=01;31:*.tz=01;31:*.deb=01;31:*.rpm=01;31:*.jar=01;31:*.war=01;31:*.ear=01;31:*.sar=01;31:*.rar=01;31:*.alz=01;31:*.ace=01;31:*.zoo=01;31:*.cpio=01;31:*.7z=01;31:*.rz=01;31:*.cab=01;31:*.wim=01;31:*.swm=01;31:*.dwm=01;31:*.esd=01;31:*.jpg=01;35:*.jpeg=01;35:*.mjpg=01;35:*.mjpeg=01;35:*.gif=01;35:*.bmp=01;35:*.pbm=01;35:*.pgm=01;35:*.ppm=01;35:*.tga=01;35:*.xbm=01;35:*.xpm=01;35:*.tif=01;35:*.tiff=01;35:*.png=01;35:*.svg=01;35:*.svgz=01;35:*.mng=01;35:*.pcx=01;35:*.mov=01;35:*.mpg=01;35:*.mpeg=01;35:*.m2v=01;35:*.mkv=01;35:*.webm=01;35:*.ogm=01;35:*.mp4=01;35:*.m4v=01;35:*.mp4v=01;35:*.vob=01;35:*.qt=01;35:*.nuv=01;35:*.wmv=01;35:*.asf=01;35:*.rm=01;35:*.rmvb=01;35:*.flc=01;35:*.avi=01;35:*.fli=01;35:*.flv=01;35:*.gl=01;35:*.dl=01;35:*.xcf=01;35:*.xwd=01;35:*.yuv=01;35:*.cgm=01;35:*.emf=01;35:*.ogv=01;35:*.ogx=01;35:*.aac=00;36:*.au=00;36:*.flac=00;36:*.m4a=00;36:*.mid=00;36:*.midi=00;36:*.mka=00;36:*.mp3=00;36:*.mpc=00;36:*.ogg=00;36:*.ra=00;36:*.wav=00;36:*.oga=00;36:*.opus=00;36:*.spx=00;36:*.xspf=00;36:', 'VSCODE_GIT_IPC_HANDLE': '/run/user/1000/vscode-git-9bbc954ee4.sock', 'TERM_PROGRAM': 'vscode', 'SSH_AUTH_SOCK': '/run/user/1000/keyring/ssh', 'AMENT_PREFIX_PATH': '/opt/ros/foxy', 'CONDA_PYTHON_EXE': '/home/manavendra/miniconda3/bin/python', 'ORIGINAL_XDG_CURRENT_DESKTOP': 'ubuntu:GNOME', 'SHELL': '/bin/bash', 'QT_ACCESSIBILITY': '1', 'GDMSESSION': 'ubuntu', 'LESSCLOSE': '/usr/bin/lesspipe %s %s', 'CONDA_DEFAULT_ENV': 'base', 'GPG_AGENT_INFO': '/run/user/1000/gnupg/S.gpg-agent:0:1', 'GJS_DEBUG_OUTPUT': 'stderr', 'VSCODE_GIT_ASKPASS_EXTRA_ARGS': '', 'QT_IM_MODULE': 'ibus', 'PWD': '/home/manavendra/ros2_ws/src/build/lab1_py', 'LC_ALL': 'en_US.UTF-8', 'XDG_CONFIG_DIRS': '/etc/xdg/xdg-ubuntu:/etc/xdg', 'CONDA_EXE': '/home/manavendra/miniconda3/bin/conda', 'XDG_DATA_DIRS': '/usr/share/ubuntu:/usr/local/share/:/usr/share/:/var/lib/snapd/desktop', 'PYTHONPATH': '/home/manavendra/ros2_ws/src/build/lab1_py/prefix_override:/home/manavendra/ros2_ws/src/install/lab1_py/lib/python3.8/site-packages:/opt/ros/foxy/lib/python3.8/site-packages', 'CONDA_PREFIX': '/home/manavendra/miniconda3', 'COLCON': '1'}, 'shell': False}
[1.147140] (lab1_cpp) StdoutLine: {'line': b'-- Using all available rosidl_typesupport_c: rosidl_typesupport_fastrtps_c;rosidl_typesupport_introspection_c\n'}
[1.161017] (lab1_cpp) StdoutLine: {'line': b'-- Found rosidl_adapter: 1.3.1 (/opt/ros/foxy/share/rosidl_adapter/cmake)\n'}
[1.201541] (-) TimerEvent: {}
[1.271492] (lab3) StdoutLine: {'line': b'-- Found std_msgs: 2.0.5 (/opt/ros/foxy/share/std_msgs/cmake)\n'}
[1.291265] (lab4) StdoutLine: {'line': b'-- Found std_msgs: 2.0.5 (/opt/ros/foxy/share/std_msgs/cmake)\n'}
[1.301650] (-) TimerEvent: {}
[1.306632] (lab1_cpp) StdoutLine: {'line': b'-- Found OpenSSL: /usr/lib/x86_64-linux-gnu/libcrypto.so (found version "1.1.1f")  \n'}
[1.317314] (lab3) StdoutLine: {'line': b'-- Using all available rosidl_typesupport_c: rosidl_typesupport_fastrtps_c;rosidl_typesupport_introspection_c\n'}
[1.327351] (lab4) StdoutLine: {'line': b'-- Using all available rosidl_typesupport_c: rosidl_typesupport_fastrtps_c;rosidl_typesupport_introspection_c\n'}
[1.329776] (lab3) StdoutLine: {'line': b'-- Found rosidl_adapter: 1.3.1 (/opt/ros/foxy/share/rosidl_adapter/cmake)\n'}
[1.333422] (lab2) StdoutLine: {'line': b'-- Found rclcpp: 2.4.3 (/opt/ros/foxy/share/rclcpp/cmake)\n'}
[1.335504] (lab4) StdoutLine: {'line': b'-- Found rosidl_adapter: 1.3.1 (/opt/ros/foxy/share/rosidl_adapter/cmake)\n'}
[1.364517] (lab1_cpp) StdoutLine: {'line': b'-- Found FastRTPS: /opt/ros/foxy/include  \n'}
[1.388806] (lab2) StdoutLine: {'line': b'-- Using all available rosidl_typesupport_c: rosidl_typesupport_fastrtps_c;rosidl_typesupport_introspection_c\n'}
[1.396016] (lab2) StdoutLine: {'line': b'-- Found rosidl_adapter: 1.3.1 (/opt/ros/foxy/share/rosidl_adapter/cmake)\n'}
[1.401746] (-) TimerEvent: {}
[1.432810] (lab3) StdoutLine: {'line': b'-- Found OpenSSL: /usr/lib/x86_64-linux-gnu/libcrypto.so (found version "1.1.1f")  \n'}
[1.443195] (lab4) StdoutLine: {'line': b'-- Found OpenSSL: /usr/lib/x86_64-linux-gnu/libcrypto.so (found version "1.1.1f")  \n'}
[1.469167] (lab1_py) StdoutLine: {'line': b'running egg_info\n'}
[1.470075] (lab1_py) StdoutLine: {'line': b'creating ../build/lab1_py/lab1_py.egg-info\n'}
[1.470331] (lab1_py) StdoutLine: {'line': b'writing ../build/lab1_py/lab1_py.egg-info/PKG-INFO\n'}
[1.470663] (lab1_py) StdoutLine: {'line': b'writing dependency_links to ../build/lab1_py/lab1_py.egg-info/dependency_links.txt\n'}
[1.470862] (lab1_py) StdoutLine: {'line': b'writing entry points to ../build/lab1_py/lab1_py.egg-info/entry_points.txt\n'}
[1.471048] (lab1_py) StdoutLine: {'line': b'writing requirements to ../build/lab1_py/lab1_py.egg-info/requires.txt\n'}
[1.471195] (lab1_py) StdoutLine: {'line': b'writing top-level names to ../build/lab1_py/lab1_py.egg-info/top_level.txt\n'}
[1.473814] (lab1_py) StdoutLine: {'line': b"writing manifest file '../build/lab1_py/lab1_py.egg-info/SOURCES.txt'\n"}
[1.489668] (lab3) StdoutLine: {'line': b'-- Found FastRTPS: /opt/ros/foxy/include  \n'}
[1.496719] (lab2) StdoutLine: {'line': b'-- Found OpenSSL: /usr/lib/x86_64-linux-gnu/libcrypto.so (found version "1.1.1f")  \n'}
[1.498513] (lab4) StdoutLine: {'line': b'-- Found FastRTPS: /opt/ros/foxy/include  \n'}
[1.501851] (-) TimerEvent: {}
[1.516126] (lab1_cpp) StdoutLine: {'line': b'-- Using all available rosidl_typesupport_cpp: rosidl_typesupport_fastrtps_cpp;rosidl_typesupport_introspection_cpp\n'}
[1.533416] (lab2) StdoutLine: {'line': b'-- Found FastRTPS: /opt/ros/foxy/include  \n'}
[1.537752] (lab1_py) StdoutLine: {'line': b"reading manifest file '../build/lab1_py/lab1_py.egg-info/SOURCES.txt'\n"}
[1.538948] (lab1_py) StdoutLine: {'line': b"writing manifest file '../build/lab1_py/lab1_py.egg-info/SOURCES.txt'\n"}
[1.539169] (lab1_py) StdoutLine: {'line': b'running build\n'}
[1.539337] (lab1_py) StdoutLine: {'line': b'running build_py\n'}
[1.539532] (lab1_py) StdoutLine: {'line': b'creating /home/manavendra/ros2_ws/src/build/lab1_py/build\n'}
[1.539680] (lab1_py) StdoutLine: {'line': b'creating /home/manavendra/ros2_ws/src/build/lab1_py/build/lib\n'}
[1.539811] (lab1_py) StdoutLine: {'line': b'creating /home/manavendra/ros2_ws/src/build/lab1_py/build/lib/lab1_py\n'}
[1.539959] (lab1_py) StdoutLine: {'line': b'copying lab1_py/__init__.py -> /home/manavendra/ros2_ws/src/build/lab1_py/build/lib/lab1_py\n'}
[1.540093] (lab1_py) StdoutLine: {'line': b'copying lab1_py/relay.py -> /home/manavendra/ros2_ws/src/build/lab1_py/build/lib/lab1_py\n'}
[1.540274] (lab1_py) StdoutLine: {'line': b'copying lab1_py/talker.py -> /home/manavendra/ros2_ws/src/build/lab1_py/build/lib/lab1_py\n'}
[1.540411] (lab1_py) StdoutLine: {'line': b'running install\n'}
[1.541333] (lab1_py) StdoutLine: {'line': b'running install_lib\n'}
[1.543188] (lab1_py) StdoutLine: {'line': b'creating /home/manavendra/ros2_ws/src/install/lab1_py/lib/python3.8/site-packages/lab1_py\n'}
[1.543516] (lab1_py) StdoutLine: {'line': b'copying /home/manavendra/ros2_ws/src/build/lab1_py/build/lib/lab1_py/__init__.py -> /home/manavendra/ros2_ws/src/install/lab1_py/lib/python3.8/site-packages/lab1_py\n'}
[1.543687] (lab1_py) StdoutLine: {'line': b'copying /home/manavendra/ros2_ws/src/build/lab1_py/build/lib/lab1_py/relay.py -> /home/manavendra/ros2_ws/src/install/lab1_py/lib/python3.8/site-packages/lab1_py\n'}
[1.543801] (lab1_py) StdoutLine: {'line': b'copying /home/manavendra/ros2_ws/src/build/lab1_py/build/lib/lab1_py/talker.py -> /home/manavendra/ros2_ws/src/install/lab1_py/lib/python3.8/site-packages/lab1_py\n'}
[1.544446] (lab1_py) StdoutLine: {'line': b'byte-compiling /home/manavendra/ros2_ws/src/install/lab1_py/lib/python3.8/site-packages/lab1_py/__init__.py to __init__.cpython-38.pyc\n'}
[1.546521] (lab1_py) StdoutLine: {'line': b'byte-compiling /home/manavendra/ros2_ws/src/install/lab1_py/lib/python3.8/site-packages/lab1_py/relay.py to relay.cpython-38.pyc\n'}
[1.547058] (lab1_py) StdoutLine: {'line': b'byte-compiling /home/manavendra/ros2_ws/src/install/lab1_py/lib/python3.8/site-packages/lab1_py/talker.py to talker.cpython-38.pyc\n'}
[1.547532] (lab1_py) StdoutLine: {'line': b'running install_data\n'}
[1.547732] (lab1_py) StdoutLine: {'line': b'creating /home/manavendra/ros2_ws/src/install/lab1_py/share/ament_index\n'}
[1.547954] (lab1_py) StdoutLine: {'line': b'creating /home/manavendra/ros2_ws/src/install/lab1_py/share/ament_index/resource_index\n'}
[1.548128] (lab1_py) StdoutLine: {'line': b'creating /home/manavendra/ros2_ws/src/install/lab1_py/share/ament_index/resource_index/packages\n'}
[1.548310] (lab1_py) StdoutLine: {'line': b'copying resource/lab1_py -> /home/manavendra/ros2_ws/src/install/lab1_py/share/ament_index/resource_index/packages\n'}
[1.548454] (lab1_py) StdoutLine: {'line': b'copying package.xml -> /home/manavendra/ros2_ws/src/install/lab1_py/share/lab1_py\n'}
[1.548566] (lab1_py) StdoutLine: {'line': b'copying launch/lab1_launch.py -> /home/manavendra/ros2_ws/src/install/lab1_py/share/lab1_py\n'}
[1.548690] (lab1_py) StdoutLine: {'line': b'running install_egg_info\n'}
[1.550620] (lab1_py) StdoutLine: {'line': b'Copying ../build/lab1_py/lab1_py.egg-info to /home/manavendra/ros2_ws/src/install/lab1_py/lib/python3.8/site-packages/lab1_py-0.0.0-py3.8.egg-info\n'}
[1.551657] (lab1_py) StdoutLine: {'line': b'running install_scripts\n'}
[1.569975] (lab1_py) StdoutLine: {'line': b'Installing relay script to /home/manavendra/ros2_ws/src/install/lab1_py/lib/lab1_py\n'}
[1.570259] (lab1_py) StdoutLine: {'line': b'Installing talker script to /home/manavendra/ros2_ws/src/install/lab1_py/lib/lab1_py\n'}
[1.570519] (lab1_py) StdoutLine: {'line': b"writing list of installed files to '/home/manavendra/ros2_ws/src/build/lab1_py/install.log'\n"}
[1.593332] (lab1_py) CommandEnded: {'returncode': 0}
[1.601967] (-) TimerEvent: {}
[1.606046] (lab1_py) JobEnded: {'identifier': 'lab1_py', 'rc': 0}
[1.609432] (lab4) StdoutLine: {'line': b'-- Using all available rosidl_typesupport_cpp: rosidl_typesupport_fastrtps_cpp;rosidl_typesupport_introspection_cpp\n'}
[1.628879] (lab3) StdoutLine: {'line': b'-- Using all available rosidl_typesupport_cpp: rosidl_typesupport_fastrtps_cpp;rosidl_typesupport_introspection_cpp\n'}
[1.634582] (lab2) StdoutLine: {'line': b'-- Using all available rosidl_typesupport_cpp: rosidl_typesupport_fastrtps_cpp;rosidl_typesupport_introspection_cpp\n'}
[1.636012] (lab1_cpp) StdoutLine: {'line': b'-- Found rmw_implementation_cmake: 1.0.4 (/opt/ros/foxy/share/rmw_implementation_cmake/cmake)\n'}
[1.639456] (lab1_cpp) StdoutLine: {'line': b"-- Using RMW implementation 'rmw_fastrtps_cpp' as default\n"}
[1.641639] (lab1_cpp) StdoutLine: {'line': b'-- Looking for pthread.h\n'}
[1.672490] (lab4) StdoutLine: {'line': b'-- Found rclcpp: 2.4.3 (/opt/ros/foxy/share/rclcpp/cmake)\n'}
[1.689766] (lab3) StdoutLine: {'line': b'-- Found rclcpp: 2.4.3 (/opt/ros/foxy/share/rclcpp/cmake)\n'}
[1.696772] (lab2) StdoutLine: {'line': b'-- Found rmw_implementation_cmake: 1.0.4 (/opt/ros/foxy/share/rmw_implementation_cmake/cmake)\n'}
[1.698359] (lab2) StdoutLine: {'line': b"-- Using RMW implementation 'rmw_fastrtps_cpp' as default\n"}
[1.699346] (lab2) StdoutLine: {'line': b'-- Looking for pthread.h\n'}
[1.702065] (-) TimerEvent: {}
[1.726808] (lab1_cpp) StdoutLine: {'line': b'-- Looking for pthread.h - found\n'}
[1.727221] (lab1_cpp) StdoutLine: {'line': b'-- Performing Test CMAKE_HAVE_LIBC_PTHREAD\n'}
[1.728571] (lab4) StdoutLine: {'line': b'-- Found rmw_implementation_cmake: 1.0.4 (/opt/ros/foxy/share/rmw_implementation_cmake/cmake)\n'}
[1.731139] (lab4) StdoutLine: {'line': b"-- Using RMW implementation 'rmw_fastrtps_cpp' as default\n"}
[1.732597] (lab4) StdoutLine: {'line': b'-- Looking for pthread.h\n'}
[1.745222] (lab3) StdoutLine: {'line': b'-- Found rmw_implementation_cmake: 1.0.4 (/opt/ros/foxy/share/rmw_implementation_cmake/cmake)\n'}
[1.748169] (lab3) StdoutLine: {'line': b"-- Using RMW implementation 'rmw_fastrtps_cpp' as default\n"}
[1.749494] (lab3) StdoutLine: {'line': b'-- Looking for pthread.h\n'}
[1.788540] (lab2) StdoutLine: {'line': b'-- Looking for pthread.h - found\n'}
[1.789017] (lab2) StdoutLine: {'line': b'-- Performing Test CMAKE_HAVE_LIBC_PTHREAD\n'}
[1.802167] (-) TimerEvent: {}
[1.817597] (lab4) StdoutLine: {'line': b'-- Looking for pthread.h - found\n'}
[1.817890] (lab4) StdoutLine: {'line': b'-- Performing Test CMAKE_HAVE_LIBC_PTHREAD\n'}
[1.823011] (lab1_cpp) StdoutLine: {'line': b'-- Performing Test CMAKE_HAVE_LIBC_PTHREAD - Failed\n'}
[1.823333] (lab1_cpp) StdoutLine: {'line': b'-- Looking for pthread_create in pthreads\n'}
[1.841807] (lab3) StdoutLine: {'line': b'-- Looking for pthread.h - found\n'}
[1.842332] (lab3) StdoutLine: {'line': b'-- Performing Test CMAKE_HAVE_LIBC_PTHREAD\n'}
[1.892371] (lab2) StdoutLine: {'line': b'-- Performing Test CMAKE_HAVE_LIBC_PTHREAD - Failed\n'}
[1.892644] (lab2) StdoutLine: {'line': b'-- Looking for pthread_create in pthreads\n'}
[1.902280] (-) TimerEvent: {}
[1.903725] (lab1_cpp) StdoutLine: {'line': b'-- Looking for pthread_create in pthreads - not found\n'}
[1.903978] (lab1_cpp) StdoutLine: {'line': b'-- Looking for pthread_create in pthread\n'}
[1.922472] (lab4) StdoutLine: {'line': b'-- Performing Test CMAKE_HAVE_LIBC_PTHREAD - Failed\n'}
[1.922826] (lab4) StdoutLine: {'line': b'-- Looking for pthread_create in pthreads\n'}
[1.941722] (lab3) StdoutLine: {'line': b'-- Performing Test CMAKE_HAVE_LIBC_PTHREAD - Failed\n'}
[1.942116] (lab3) StdoutLine: {'line': b'-- Looking for pthread_create in pthreads\n'}
[1.967226] (lab2) StdoutLine: {'line': b'-- Looking for pthread_create in pthreads - not found\n'}
[1.967538] (lab2) StdoutLine: {'line': b'-- Looking for pthread_create in pthread\n'}
[1.987781] (lab1_cpp) StdoutLine: {'line': b'-- Looking for pthread_create in pthread - found\n'}
[1.989086] (lab1_cpp) StdoutLine: {'line': b'-- Found Threads: TRUE  \n'}
[1.992389] (lab4) StdoutLine: {'line': b'-- Looking for pthread_create in pthreads - not found\n'}
[1.992653] (lab4) StdoutLine: {'line': b'-- Looking for pthread_create in pthread\n'}
[2.002372] (-) TimerEvent: {}
[2.010816] (lab3) StdoutLine: {'line': b'-- Looking for pthread_create in pthreads - not found\n'}
[2.011059] (lab3) StdoutLine: {'line': b'-- Looking for pthread_create in pthread\n'}
[2.053388] (lab2) StdoutLine: {'line': b'-- Looking for pthread_create in pthread - found\n'}
[2.055118] (lab2) StdoutLine: {'line': b'-- Found Threads: TRUE  \n'}
[2.078237] (lab4) StdoutLine: {'line': b'-- Looking for pthread_create in pthread - found\n'}
[2.079468] (lab4) StdoutLine: {'line': b'-- Found Threads: TRUE  \n'}
[2.092539] (lab3) StdoutLine: {'line': b'-- Looking for pthread_create in pthread - found\n'}
[2.093665] (lab3) StdoutLine: {'line': b'-- Found Threads: TRUE  \n'}
[2.102464] (-) TimerEvent: {}
[2.189735] (lab1_cpp) StdoutLine: {'line': b'-- Found ackermann_msgs: 2.0.2 (/opt/ros/foxy/share/ackermann_msgs/cmake)\n'}
[2.202555] (-) TimerEvent: {}
[2.238026] (lab1_cpp) StdoutLine: {'line': b'-- Found ament_lint_auto: 0.9.8 (/opt/ros/foxy/share/ament_lint_auto/cmake)\n'}
[2.241457] (lab2) StdoutLine: {'line': b'-- Found rclpy: 1.0.13 (/opt/ros/foxy/share/rclpy/cmake)\n'}
[2.243891] (lab2) StdoutLine: {'line': b'-- Found ackermann_msgs: 2.0.2 (/opt/ros/foxy/share/ackermann_msgs/cmake)\n'}
[2.246574] (lab4) StdoutLine: {'line': b'-- Found rclpy: 1.0.13 (/opt/ros/foxy/share/rclpy/cmake)\n'}
[2.248013] (lab4) StdoutLine: {'line': b'-- Found ackermann_msgs: 2.0.2 (/opt/ros/foxy/share/ackermann_msgs/cmake)\n'}
[2.262578] (lab3) StdoutLine: {'line': b'-- Found rclpy: 1.0.13 (/opt/ros/foxy/share/rclpy/cmake)\n'}
[2.263842] (lab3) StdoutLine: {'line': b'-- Found ackermann_msgs: 2.0.2 (/opt/ros/foxy/share/ackermann_msgs/cmake)\n'}
[2.284498] (lab2) StdoutLine: {'line': b'-- Found sensor_msgs: 2.0.5 (/opt/ros/foxy/share/sensor_msgs/cmake)\n'}
[2.286461] (lab4) StdoutLine: {'line': b'-- Found sensor_msgs: 2.0.5 (/opt/ros/foxy/share/sensor_msgs/cmake)\n'}
[2.301567] (lab3) StdoutLine: {'line': b'-- Found sensor_msgs: 2.0.5 (/opt/ros/foxy/share/sensor_msgs/cmake)\n'}
[2.302635] (-) TimerEvent: {}
[2.356381] (lab1_cpp) StdoutLine: {'line': b"-- Added test 'copyright' to check source files copyright and LICENSE\n"}
[2.357997] (lab1_cpp) StdoutLine: {'line': b"-- Added test 'cppcheck' to perform static code analysis on C / C++ code\n"}
[2.358249] (lab1_cpp) StdoutLine: {'line': b'-- Configured cppcheck include dirs: \n'}
[2.358424] (lab1_cpp) StdoutLine: {'line': b'-- Configured cppcheck exclude dirs and/or files: \n'}
[2.359761] (lab1_cpp) StdoutLine: {'line': b"-- Added test 'cpplint' to check C / C++ code against the Google style\n"}
[2.359906] (lab1_cpp) StdoutLine: {'line': b'-- Configured cpplint exclude dirs and/or files: \n'}
[2.360678] (lab1_cpp) StdoutLine: {'line': b"-- Added test 'flake8' to check Python code syntax and style conventions\n"}
[2.361378] (lab1_cpp) StdoutLine: {'line': b"-- Added test 'lint_cmake' to check CMake code style\n"}
[2.361995] (lab1_cpp) StdoutLine: {'line': b"-- Added test 'pep257' to check Python code against some of the style conventions in PEP 257\n"}
[2.363168] (lab1_cpp) StdoutLine: {'line': b"-- Added test 'uncrustify' to check C / C++ code style\n"}
[2.363318] (lab1_cpp) StdoutLine: {'line': b'-- Configured uncrustify additional arguments: \n'}
[2.363798] (lab1_cpp) StdoutLine: {'line': b"-- Added test 'xmllint' to check XML markup files\n"}
[2.367624] (lab1_cpp) StdoutLine: {'line': b'-- Configuring done\n'}
[2.380587] (lab1_cpp) StdoutLine: {'line': b'-- Generating done\n'}
[2.382439] (lab1_cpp) StdoutLine: {'line': b'-- Build files have been written to: /home/manavendra/ros2_ws/src/build/lab1_cpp\n'}
[2.394041] (lab1_cpp) CommandEnded: {'returncode': 0}
[2.394925] (lab1_cpp) JobProgress: {'identifier': 'lab1_cpp', 'progress': 'build'}
[2.396151] (lab1_cpp) Command: {'cmd': ['/usr/bin/cmake', '--build', '/home/manavendra/ros2_ws/src/build/lab1_cpp', '--', '-j8', '-l8'], 'cwd': '/home/manavendra/ros2_ws/src/build/lab1_cpp', 'env': OrderedDict([('GJS_DEBUG_TOPICS', 'JS ERROR;JS LOG'), ('LESSOPEN', '| /usr/bin/lesspipe %s'), ('CONDA_PROMPT_MODIFIER', '(base)'), ('LANGUAGE', 'en_CA:en'), ('USER', 'manavendra'), ('SSH_AGENT_PID', '2004'), ('XDG_SESSION_TYPE', 'x11'), ('GIT_ASKPASS', '/usr/share/code/resources/app/extensions/git/dist/askpass.sh'), ('SHLVL', '1'), ('LD_LIBRARY_PATH', '/usr/lib/x86_64-linux-gnu/gazebo-11/plugins:/opt/ros/foxy/opt/yaml_cpp_vendor/lib:/opt/ros/foxy/opt/rviz_ogre_vendor/lib:/opt/ros/foxy/lib/x86_64-linux-gnu:/opt/ros/foxy/lib'), ('HOME', '/home/manavendra'), ('CHROME_DESKTOP', 'code-url-handler.desktop'), ('CONDA_SHLVL', '1'), ('TERM_PROGRAM_VERSION', '1.87.2'), ('DESKTOP_SESSION', 'ubuntu'), ('GIO_LAUNCHED_DESKTOP_FILE', '/usr/share/applications/code.desktop'), ('ROS_PYTHON_VERSION', '3'), ('GNOME_SHELL_SESSION_MODE', 'ubuntu'), ('GTK_MODULES', 'gail:atk-bridge'), ('VSCODE_GIT_ASKPASS_MAIN', '/usr/share/code/resources/app/extensions/git/dist/askpass-main.js'), ('VSCODE_GIT_ASKPASS_NODE', '/usr/share/code/code'), ('MANAGERPID', '1897'), ('DBUS_SESSION_BUS_ADDRESS', 'unix:path=/run/user/1000/bus'), ('COLORTERM', 'truecolor'), ('_CE_M', ''), ('GIO_LAUNCHED_DESKTOP_FILE_PID', '3786'), ('IM_CONFIG_PHASE', '1'), ('ROS_DISTRO', 'foxy'), ('LOGNAME', 'manavendra'), ('JOURNAL_STREAM', '8:45536'), ('_', '/usr/bin/colcon'), ('ROS_VERSION', '2'), ('XDG_SESSION_CLASS', 'user'), ('USERNAME', 'manavendra'), ('TERM', 'xterm-256color'), ('GNOME_DESKTOP_SESSION_ID', 'this-is-deprecated'), ('_CE_CONDA', ''), ('ROS_LOCALHOST_ONLY', '0'), ('WINDOWPATH', '2'), ('PATH', '/opt/ros/foxy/bin:/home/manavendra/.local/bin:/home/manavendra/bin:/home/manavendra/miniconda3/bin:/home/manavendra/miniconda3/condabin:/home/manavendra/.local/bin:/home/manavendra/bin:/usr/local/sbin:/usr/local/bin:/usr/sbin:/usr/bin:/sbin:/bin:/usr/games:/usr/local/games:/snap/bin'), ('SESSION_MANAGER', 'local/manavendra-Lenovo-Y520-15IKBM:@/tmp/.ICE-unix/2042,unix/manavendra-Lenovo-Y520-15IKBM:/tmp/.ICE-unix/2042'), ('INVOCATION_ID', 'b4adbe8a4e73499d9d342351e45cb1e1'), ('XDG_MENU_PREFIX', 'gnome-'), ('XDG_RUNTIME_DIR', '/run/user/1000'), ('GDK_BACKEND', 'x11'), ('DISPLAY', ':1'), ('LANG', 'en_US.UTF-8'), ('XDG_CURRENT_DESKTOP', 'Unity'), ('XMODIFIERS', '@im=ibus'), ('XDG_SESSION_DESKTOP', 'ubuntu'), ('XAUTHORITY', '/run/user/1000/gdm/Xauthority'), ('LS_COLORS', 'rs=0:di=01;34:ln=01;36:mh=00:pi=40;33:so=01;35:do=01;35:bd=40;33;01:cd=40;33;01:or=40;31;01:mi=00:su=37;41:sg=30;43:ca=30;41:tw=30;42:ow=34;42:st=37;44:ex=01;32:*.tar=01;31:*.tgz=01;31:*.arc=01;31:*.arj=01;31:*.taz=01;31:*.lha=01;31:*.lz4=01;31:*.lzh=01;31:*.lzma=01;31:*.tlz=01;31:*.txz=01;31:*.tzo=01;31:*.t7z=01;31:*.zip=01;31:*.z=01;31:*.dz=01;31:*.gz=01;31:*.lrz=01;31:*.lz=01;31:*.lzo=01;31:*.xz=01;31:*.zst=01;31:*.tzst=01;31:*.bz2=01;31:*.bz=01;31:*.tbz=01;31:*.tbz2=01;31:*.tz=01;31:*.deb=01;31:*.rpm=01;31:*.jar=01;31:*.war=01;31:*.ear=01;31:*.sar=01;31:*.rar=01;31:*.alz=01;31:*.ace=01;31:*.zoo=01;31:*.cpio=01;31:*.7z=01;31:*.rz=01;31:*.cab=01;31:*.wim=01;31:*.swm=01;31:*.dwm=01;31:*.esd=01;31:*.jpg=01;35:*.jpeg=01;35:*.mjpg=01;35:*.mjpeg=01;35:*.gif=01;35:*.bmp=01;35:*.pbm=01;35:*.pgm=01;35:*.ppm=01;35:*.tga=01;35:*.xbm=01;35:*.xpm=01;35:*.tif=01;35:*.tiff=01;35:*.png=01;35:*.svg=01;35:*.svgz=01;35:*.mng=01;35:*.pcx=01;35:*.mov=01;35:*.mpg=01;35:*.mpeg=01;35:*.m2v=01;35:*.mkv=01;35:*.webm=01;35:*.ogm=01;35:*.mp4=01;35:*.m4v=01;35:*.mp4v=01;35:*.vob=01;35:*.qt=01;35:*.nuv=01;35:*.wmv=01;35:*.asf=01;35:*.rm=01;35:*.rmvb=01;35:*.flc=01;35:*.avi=01;35:*.fli=01;35:*.flv=01;35:*.gl=01;35:*.dl=01;35:*.xcf=01;35:*.xwd=01;35:*.yuv=01;35:*.cgm=01;35:*.emf=01;35:*.ogv=01;35:*.ogx=01;35:*.aac=00;36:*.au=00;36:*.flac=00;36:*.m4a=00;36:*.mid=00;36:*.midi=00;36:*.mka=00;36:*.mp3=00;36:*.mpc=00;36:*.ogg=00;36:*.ra=00;36:*.wav=00;36:*.oga=00;36:*.opus=00;36:*.spx=00;36:*.xspf=00;36:'), ('VSCODE_GIT_IPC_HANDLE', '/run/user/1000/vscode-git-9bbc954ee4.sock'), ('TERM_PROGRAM', 'vscode'), ('SSH_AUTH_SOCK', '/run/user/1000/keyring/ssh'), ('AMENT_PREFIX_PATH', '/opt/ros/foxy'), ('CONDA_PYTHON_EXE', '/home/manavendra/miniconda3/bin/python'), ('ORIGINAL_XDG_CURRENT_DESKTOP', 'ubuntu:GNOME'), ('SHELL', '/bin/bash'), ('QT_ACCESSIBILITY', '1'), ('GDMSESSION', 'ubuntu'), ('LESSCLOSE', '/usr/bin/lesspipe %s %s'), ('CONDA_DEFAULT_ENV', 'base'), ('GPG_AGENT_INFO', '/run/user/1000/gnupg/S.gpg-agent:0:1'), ('GJS_DEBUG_OUTPUT', 'stderr'), ('VSCODE_GIT_ASKPASS_EXTRA_ARGS', ''), ('QT_IM_MODULE', 'ibus'), ('PWD', '/home/manavendra/ros2_ws/src/build/lab1_cpp'), ('LC_ALL', 'en_US.UTF-8'), ('XDG_CONFIG_DIRS', '/etc/xdg/xdg-ubuntu:/etc/xdg'), ('CONDA_EXE', '/home/manavendra/miniconda3/bin/conda'), ('XDG_DATA_DIRS', '/usr/share/ubuntu:/usr/local/share/:/usr/share/:/var/lib/snapd/desktop'), ('PYTHONPATH', '/opt/ros/foxy/lib/python3.8/site-packages'), ('CONDA_PREFIX', '/home/manavendra/miniconda3'), ('COLCON', '1'), ('CMAKE_PREFIX_PATH', '/opt/ros/foxy')]), 'shell': False}
[2.402746] (-) TimerEvent: {}
[2.431288] (lab4) StdoutLine: {'line': b'-- Found ament_lint_auto: 0.9.8 (/opt/ros/foxy/share/ament_lint_auto/cmake)\n'}
[2.437401] (lab2) StdoutLine: {'line': b'-- Found nav_msgs: 2.0.5 (/opt/ros/foxy/share/nav_msgs/cmake)\n'}
[2.449697] (lab1_cpp) StdoutLine: {'line': b'\x1b[35m\x1b[1mScanning dependencies of target talker\x1b[0m\n'}
[2.450109] (lab3) StdoutLine: {'line': b'-- Found ament_lint_auto: 0.9.8 (/opt/ros/foxy/share/ament_lint_auto/cmake)\n'}
[2.453466] (lab1_cpp) StdoutLine: {'line': b'\x1b[35m\x1b[1mScanning dependencies of target relay\x1b[0m\n'}
[2.502857] (-) TimerEvent: {}
[2.533097] (lab2) StdoutLine: {'line': b'-- Found tf2: 0.13.14 (/opt/ros/foxy/share/tf2/cmake)\n'}
[2.550864] (lab1_cpp) StdoutLine: {'line': b'[ 25%] \x1b[32mBuilding CXX object CMakeFiles/relay.dir/src/relay.cpp.o\x1b[0m\n'}
[2.552839] (lab1_cpp) StdoutLine: {'line': b'[ 50%] \x1b[32mBuilding CXX object CMakeFiles/talker.dir/src/talker.cpp.o\x1b[0m\n'}
[2.555532] (lab2) StdoutLine: {'line': b'-- Found tf2_ros: 0.13.14 (/opt/ros/foxy/share/tf2_ros/cmake)\n'}
[2.602960] (-) TimerEvent: {}
[2.703317] (-) TimerEvent: {}
[2.803642] (-) TimerEvent: {}
[2.859832] (lab3) StdoutLine: {'line': b"-- Added test 'copyright' to check source files copyright and LICENSE\n"}
[2.861965] (lab3) StdoutLine: {'line': b"-- Added test 'cppcheck' to perform static code analysis on C / C++ code\n"}
[2.862406] (lab3) StdoutLine: {'line': b'-- Configured cppcheck include dirs: /home/manavendra/ros2_ws/src/lab3/include\n'}
[2.862517] (lab3) StdoutLine: {'line': b'-- Configured cppcheck exclude dirs and/or files: \n'}
[2.864272] (lab3) StdoutLine: {'line': b"-- Added test 'cpplint' to check C / C++ code against the Google style\n"}
[2.864438] (lab3) StdoutLine: {'line': b'-- Configured cpplint exclude dirs and/or files: \n'}
[2.865181] (lab3) StdoutLine: {'line': b"-- Added test 'flake8' to check Python code syntax and style conventions\n"}
[2.866186] (lab3) StdoutLine: {'line': b"-- Added test 'lint_cmake' to check CMake code style\n"}
[2.867048] (lab3) StdoutLine: {'line': b"-- Added test 'pep257' to check Python code against some of the style conventions in PEP 257\n"}
[2.868786] (lab3) StdoutLine: {'line': b"-- Added test 'uncrustify' to check C / C++ code style\n"}
[2.868961] (lab3) StdoutLine: {'line': b'-- Configured uncrustify additional arguments: \n'}
[2.869743] (lab3) StdoutLine: {'line': b"-- Added test 'xmllint' to check XML markup files\n"}
[2.875155] (lab3) StdoutLine: {'line': b'-- Configuring done\n'}
[2.891547] (lab3) StdoutLine: {'line': b'-- Generating done\n'}
[2.894098] (lab3) StdoutLine: {'line': b'-- Build files have been written to: /home/manavendra/ros2_ws/src/build/lab3\n'}
[2.903756] (-) TimerEvent: {}
[2.908748] (lab3) CommandEnded: {'returncode': 0}
[2.911598] (lab3) JobProgress: {'identifier': 'lab3', 'progress': 'build'}
[2.911912] (lab3) Command: {'cmd': ['/usr/bin/cmake', '--build', '/home/manavendra/ros2_ws/src/build/lab3', '--', '-j8', '-l8'], 'cwd': '/home/manavendra/ros2_ws/src/build/lab3', 'env': OrderedDict([('GJS_DEBUG_TOPICS', 'JS ERROR;JS LOG'), ('LESSOPEN', '| /usr/bin/lesspipe %s'), ('CONDA_PROMPT_MODIFIER', '(base)'), ('LANGUAGE', 'en_CA:en'), ('USER', 'manavendra'), ('SSH_AGENT_PID', '2004'), ('XDG_SESSION_TYPE', 'x11'), ('GIT_ASKPASS', '/usr/share/code/resources/app/extensions/git/dist/askpass.sh'), ('SHLVL', '1'), ('LD_LIBRARY_PATH', '/usr/lib/x86_64-linux-gnu/gazebo-11/plugins:/opt/ros/foxy/opt/yaml_cpp_vendor/lib:/opt/ros/foxy/opt/rviz_ogre_vendor/lib:/opt/ros/foxy/lib/x86_64-linux-gnu:/opt/ros/foxy/lib'), ('HOME', '/home/manavendra'), ('CHROME_DESKTOP', 'code-url-handler.desktop'), ('CONDA_SHLVL', '1'), ('TERM_PROGRAM_VERSION', '1.87.2'), ('DESKTOP_SESSION', 'ubuntu'), ('GIO_LAUNCHED_DESKTOP_FILE', '/usr/share/applications/code.desktop'), ('ROS_PYTHON_VERSION', '3'), ('GNOME_SHELL_SESSION_MODE', 'ubuntu'), ('GTK_MODULES', 'gail:atk-bridge'), ('VSCODE_GIT_ASKPASS_MAIN', '/usr/share/code/resources/app/extensions/git/dist/askpass-main.js'), ('VSCODE_GIT_ASKPASS_NODE', '/usr/share/code/code'), ('MANAGERPID', '1897'), ('DBUS_SESSION_BUS_ADDRESS', 'unix:path=/run/user/1000/bus'), ('COLORTERM', 'truecolor'), ('_CE_M', ''), ('GIO_LAUNCHED_DESKTOP_FILE_PID', '3786'), ('IM_CONFIG_PHASE', '1'), ('ROS_DISTRO', 'foxy'), ('LOGNAME', 'manavendra'), ('JOURNAL_STREAM', '8:45536'), ('_', '/usr/bin/colcon'), ('ROS_VERSION', '2'), ('XDG_SESSION_CLASS', 'user'), ('USERNAME', 'manavendra'), ('TERM', 'xterm-256color'), ('GNOME_DESKTOP_SESSION_ID', 'this-is-deprecated'), ('_CE_CONDA', ''), ('ROS_LOCALHOST_ONLY', '0'), ('WINDOWPATH', '2'), ('PATH', '/opt/ros/foxy/bin:/home/manavendra/.local/bin:/home/manavendra/bin:/home/manavendra/miniconda3/bin:/home/manavendra/miniconda3/condabin:/home/manavendra/.local/bin:/home/manavendra/bin:/usr/local/sbin:/usr/local/bin:/usr/sbin:/usr/bin:/sbin:/bin:/usr/games:/usr/local/games:/snap/bin'), ('SESSION_MANAGER', 'local/manavendra-Lenovo-Y520-15IKBM:@/tmp/.ICE-unix/2042,unix/manavendra-Lenovo-Y520-15IKBM:/tmp/.ICE-unix/2042'), ('INVOCATION_ID', 'b4adbe8a4e73499d9d342351e45cb1e1'), ('XDG_MENU_PREFIX', 'gnome-'), ('XDG_RUNTIME_DIR', '/run/user/1000'), ('GDK_BACKEND', 'x11'), ('DISPLAY', ':1'), ('LANG', 'en_US.UTF-8'), ('XDG_CURRENT_DESKTOP', 'Unity'), ('XMODIFIERS', '@im=ibus'), ('XDG_SESSION_DESKTOP', 'ubuntu'), ('XAUTHORITY', '/run/user/1000/gdm/Xauthority'), ('LS_COLORS', 'rs=0:di=01;34:ln=01;36:mh=00:pi=40;33:so=01;35:do=01;35:bd=40;33;01:cd=40;33;01:or=40;31;01:mi=00:su=37;41:sg=30;43:ca=30;41:tw=30;42:ow=34;42:st=37;44:ex=01;32:*.tar=01;31:*.tgz=01;31:*.arc=01;31:*.arj=01;31:*.taz=01;31:*.lha=01;31:*.lz4=01;31:*.lzh=01;31:*.lzma=01;31:*.tlz=01;31:*.txz=01;31:*.tzo=01;31:*.t7z=01;31:*.zip=01;31:*.z=01;31:*.dz=01;31:*.gz=01;31:*.lrz=01;31:*.lz=01;31:*.lzo=01;31:*.xz=01;31:*.zst=01;31:*.tzst=01;31:*.bz2=01;31:*.bz=01;31:*.tbz=01;31:*.tbz2=01;31:*.tz=01;31:*.deb=01;31:*.rpm=01;31:*.jar=01;31:*.war=01;31:*.ear=01;31:*.sar=01;31:*.rar=01;31:*.alz=01;31:*.ace=01;31:*.zoo=01;31:*.cpio=01;31:*.7z=01;31:*.rz=01;31:*.cab=01;31:*.wim=01;31:*.swm=01;31:*.dwm=01;31:*.esd=01;31:*.jpg=01;35:*.jpeg=01;35:*.mjpg=01;35:*.mjpeg=01;35:*.gif=01;35:*.bmp=01;35:*.pbm=01;35:*.pgm=01;35:*.ppm=01;35:*.tga=01;35:*.xbm=01;35:*.xpm=01;35:*.tif=01;35:*.tiff=01;35:*.png=01;35:*.svg=01;35:*.svgz=01;35:*.mng=01;35:*.pcx=01;35:*.mov=01;35:*.mpg=01;35:*.mpeg=01;35:*.m2v=01;35:*.mkv=01;35:*.webm=01;35:*.ogm=01;35:*.mp4=01;35:*.m4v=01;35:*.mp4v=01;35:*.vob=01;35:*.qt=01;35:*.nuv=01;35:*.wmv=01;35:*.asf=01;35:*.rm=01;35:*.rmvb=01;35:*.flc=01;35:*.avi=01;35:*.fli=01;35:*.flv=01;35:*.gl=01;35:*.dl=01;35:*.xcf=01;35:*.xwd=01;35:*.yuv=01;35:*.cgm=01;35:*.emf=01;35:*.ogv=01;35:*.ogx=01;35:*.aac=00;36:*.au=00;36:*.flac=00;36:*.m4a=00;36:*.mid=00;36:*.midi=00;36:*.mka=00;36:*.mp3=00;36:*.mpc=00;36:*.ogg=00;36:*.ra=00;36:*.wav=00;36:*.oga=00;36:*.opus=00;36:*.spx=00;36:*.xspf=00;36:'), ('VSCODE_GIT_IPC_HANDLE', '/run/user/1000/vscode-git-9bbc954ee4.sock'), ('TERM_PROGRAM', 'vscode'), ('SSH_AUTH_SOCK', '/run/user/1000/keyring/ssh'), ('AMENT_PREFIX_PATH', '/opt/ros/foxy'), ('CONDA_PYTHON_EXE', '/home/manavendra/miniconda3/bin/python'), ('ORIGINAL_XDG_CURRENT_DESKTOP', 'ubuntu:GNOME'), ('SHELL', '/bin/bash'), ('QT_ACCESSIBILITY', '1'), ('GDMSESSION', 'ubuntu'), ('LESSCLOSE', '/usr/bin/lesspipe %s %s'), ('CONDA_DEFAULT_ENV', 'base'), ('GPG_AGENT_INFO', '/run/user/1000/gnupg/S.gpg-agent:0:1'), ('GJS_DEBUG_OUTPUT', 'stderr'), ('VSCODE_GIT_ASKPASS_EXTRA_ARGS', ''), ('QT_IM_MODULE', 'ibus'), ('PWD', '/home/manavendra/ros2_ws/src/build/lab3'), ('LC_ALL', 'en_US.UTF-8'), ('XDG_CONFIG_DIRS', '/etc/xdg/xdg-ubuntu:/etc/xdg'), ('CONDA_EXE', '/home/manavendra/miniconda3/bin/conda'), ('XDG_DATA_DIRS', '/usr/share/ubuntu:/usr/local/share/:/usr/share/:/var/lib/snapd/desktop'), ('PYTHONPATH', '/opt/ros/foxy/lib/python3.8/site-packages'), ('CONDA_PREFIX', '/home/manavendra/miniconda3'), ('COLCON', '1'), ('CMAKE_PREFIX_PATH', '/opt/ros/foxy')]), 'shell': False}
[2.940877] (lab4) StdoutLine: {'line': b"-- Added test 'copyright' to check source files copyright and LICENSE\n"}
[2.943305] (lab4) StdoutLine: {'line': b"-- Added test 'cppcheck' to perform static code analysis on C / C++ code\n"}
[2.943583] (lab4) StdoutLine: {'line': b'-- Configured cppcheck include dirs: /home/manavendra/ros2_ws/src/lab4/include\n'}
[2.943741] (lab4) StdoutLine: {'line': b'-- Configured cppcheck exclude dirs and/or files: \n'}
[2.944810] (lab4) StdoutLine: {'line': b"-- Added test 'cpplint' to check C / C++ code against the Google style\n"}
[2.945003] (lab4) StdoutLine: {'line': b'-- Configured cpplint exclude dirs and/or files: \n'}
[2.946087] (lab4) StdoutLine: {'line': b"-- Added test 'flake8' to check Python code syntax and style conventions\n"}
[2.946310] (lab4) StdoutLine: {'line': b"-- Added test 'lint_cmake' to check CMake code style\n"}
[2.946638] (lab4) StdoutLine: {'line': b"-- Added test 'pep257' to check Python code against some of the style conventions in PEP 257\n"}
[2.947828] (lab4) StdoutLine: {'line': b"-- Added test 'uncrustify' to check C / C++ code style\n"}
[2.948014] (lab4) StdoutLine: {'line': b'-- Configured uncrustify additional arguments: \n'}
[2.948613] (lab4) StdoutLine: {'line': b"-- Added test 'xmllint' to check XML markup files\n"}
[2.952289] (lab4) StdoutLine: {'line': b'-- Configuring done\n'}
[2.954844] (lab4) StdoutLine: {'line': b'-- Generating done\n'}
[2.956508] (lab4) StdoutLine: {'line': b'-- Build files have been written to: /home/manavendra/ros2_ws/src/build/lab4\n'}
[2.967009] (lab4) CommandEnded: {'returncode': 0}
[2.967742] (lab4) JobProgress: {'identifier': 'lab4', 'progress': 'build'}
[2.968393] (lab4) Command: {'cmd': ['/usr/bin/cmake', '--build', '/home/manavendra/ros2_ws/src/build/lab4', '--', '-j8', '-l8'], 'cwd': '/home/manavendra/ros2_ws/src/build/lab4', 'env': OrderedDict([('GJS_DEBUG_TOPICS', 'JS ERROR;JS LOG'), ('LESSOPEN', '| /usr/bin/lesspipe %s'), ('CONDA_PROMPT_MODIFIER', '(base)'), ('LANGUAGE', 'en_CA:en'), ('USER', 'manavendra'), ('SSH_AGENT_PID', '2004'), ('XDG_SESSION_TYPE', 'x11'), ('GIT_ASKPASS', '/usr/share/code/resources/app/extensions/git/dist/askpass.sh'), ('SHLVL', '1'), ('LD_LIBRARY_PATH', '/usr/lib/x86_64-linux-gnu/gazebo-11/plugins:/opt/ros/foxy/opt/yaml_cpp_vendor/lib:/opt/ros/foxy/opt/rviz_ogre_vendor/lib:/opt/ros/foxy/lib/x86_64-linux-gnu:/opt/ros/foxy/lib'), ('HOME', '/home/manavendra'), ('CHROME_DESKTOP', 'code-url-handler.desktop'), ('CONDA_SHLVL', '1'), ('TERM_PROGRAM_VERSION', '1.87.2'), ('DESKTOP_SESSION', 'ubuntu'), ('GIO_LAUNCHED_DESKTOP_FILE', '/usr/share/applications/code.desktop'), ('ROS_PYTHON_VERSION', '3'), ('GNOME_SHELL_SESSION_MODE', 'ubuntu'), ('GTK_MODULES', 'gail:atk-bridge'), ('VSCODE_GIT_ASKPASS_MAIN', '/usr/share/code/resources/app/extensions/git/dist/askpass-main.js'), ('VSCODE_GIT_ASKPASS_NODE', '/usr/share/code/code'), ('MANAGERPID', '1897'), ('DBUS_SESSION_BUS_ADDRESS', 'unix:path=/run/user/1000/bus'), ('COLORTERM', 'truecolor'), ('_CE_M', ''), ('GIO_LAUNCHED_DESKTOP_FILE_PID', '3786'), ('IM_CONFIG_PHASE', '1'), ('ROS_DISTRO', 'foxy'), ('LOGNAME', 'manavendra'), ('JOURNAL_STREAM', '8:45536'), ('_', '/usr/bin/colcon'), ('ROS_VERSION', '2'), ('XDG_SESSION_CLASS', 'user'), ('USERNAME', 'manavendra'), ('TERM', 'xterm-256color'), ('GNOME_DESKTOP_SESSION_ID', 'this-is-deprecated'), ('_CE_CONDA', ''), ('ROS_LOCALHOST_ONLY', '0'), ('WINDOWPATH', '2'), ('PATH', '/opt/ros/foxy/bin:/home/manavendra/.local/bin:/home/manavendra/bin:/home/manavendra/miniconda3/bin:/home/manavendra/miniconda3/condabin:/home/manavendra/.local/bin:/home/manavendra/bin:/usr/local/sbin:/usr/local/bin:/usr/sbin:/usr/bin:/sbin:/bin:/usr/games:/usr/local/games:/snap/bin'), ('SESSION_MANAGER', 'local/manavendra-Lenovo-Y520-15IKBM:@/tmp/.ICE-unix/2042,unix/manavendra-Lenovo-Y520-15IKBM:/tmp/.ICE-unix/2042'), ('INVOCATION_ID', 'b4adbe8a4e73499d9d342351e45cb1e1'), ('XDG_MENU_PREFIX', 'gnome-'), ('XDG_RUNTIME_DIR', '/run/user/1000'), ('GDK_BACKEND', 'x11'), ('DISPLAY', ':1'), ('LANG', 'en_US.UTF-8'), ('XDG_CURRENT_DESKTOP', 'Unity'), ('XMODIFIERS', '@im=ibus'), ('XDG_SESSION_DESKTOP', 'ubuntu'), ('XAUTHORITY', '/run/user/1000/gdm/Xauthority'), ('LS_COLORS', 'rs=0:di=01;34:ln=01;36:mh=00:pi=40;33:so=01;35:do=01;35:bd=40;33;01:cd=40;33;01:or=40;31;01:mi=00:su=37;41:sg=30;43:ca=30;41:tw=30;42:ow=34;42:st=37;44:ex=01;32:*.tar=01;31:*.tgz=01;31:*.arc=01;31:*.arj=01;31:*.taz=01;31:*.lha=01;31:*.lz4=01;31:*.lzh=01;31:*.lzma=01;31:*.tlz=01;31:*.txz=01;31:*.tzo=01;31:*.t7z=01;31:*.zip=01;31:*.z=01;31:*.dz=01;31:*.gz=01;31:*.lrz=01;31:*.lz=01;31:*.lzo=01;31:*.xz=01;31:*.zst=01;31:*.tzst=01;31:*.bz2=01;31:*.bz=01;31:*.tbz=01;31:*.tbz2=01;31:*.tz=01;31:*.deb=01;31:*.rpm=01;31:*.jar=01;31:*.war=01;31:*.ear=01;31:*.sar=01;31:*.rar=01;31:*.alz=01;31:*.ace=01;31:*.zoo=01;31:*.cpio=01;31:*.7z=01;31:*.rz=01;31:*.cab=01;31:*.wim=01;31:*.swm=01;31:*.dwm=01;31:*.esd=01;31:*.jpg=01;35:*.jpeg=01;35:*.mjpg=01;35:*.mjpeg=01;35:*.gif=01;35:*.bmp=01;35:*.pbm=01;35:*.pgm=01;35:*.ppm=01;35:*.tga=01;35:*.xbm=01;35:*.xpm=01;35:*.tif=01;35:*.tiff=01;35:*.png=01;35:*.svg=01;35:*.svgz=01;35:*.mng=01;35:*.pcx=01;35:*.mov=01;35:*.mpg=01;35:*.mpeg=01;35:*.m2v=01;35:*.mkv=01;35:*.webm=01;35:*.ogm=01;35:*.mp4=01;35:*.m4v=01;35:*.mp4v=01;35:*.vob=01;35:*.qt=01;35:*.nuv=01;35:*.wmv=01;35:*.asf=01;35:*.rm=01;35:*.rmvb=01;35:*.flc=01;35:*.avi=01;35:*.fli=01;35:*.flv=01;35:*.gl=01;35:*.dl=01;35:*.xcf=01;35:*.xwd=01;35:*.yuv=01;35:*.cgm=01;35:*.emf=01;35:*.ogv=01;35:*.ogx=01;35:*.aac=00;36:*.au=00;36:*.flac=00;36:*.m4a=00;36:*.mid=00;36:*.midi=00;36:*.mka=00;36:*.mp3=00;36:*.mpc=00;36:*.ogg=00;36:*.ra=00;36:*.wav=00;36:*.oga=00;36:*.opus=00;36:*.spx=00;36:*.xspf=00;36:'), ('VSCODE_GIT_IPC_HANDLE', '/run/user/1000/vscode-git-9bbc954ee4.sock'), ('TERM_PROGRAM', 'vscode'), ('SSH_AUTH_SOCK', '/run/user/1000/keyring/ssh'), ('AMENT_PREFIX_PATH', '/opt/ros/foxy'), ('CONDA_PYTHON_EXE', '/home/manavendra/miniconda3/bin/python'), ('ORIGINAL_XDG_CURRENT_DESKTOP', 'ubuntu:GNOME'), ('SHELL', '/bin/bash'), ('QT_ACCESSIBILITY', '1'), ('GDMSESSION', 'ubuntu'), ('LESSCLOSE', '/usr/bin/lesspipe %s %s'), ('CONDA_DEFAULT_ENV', 'base'), ('GPG_AGENT_INFO', '/run/user/1000/gnupg/S.gpg-agent:0:1'), ('GJS_DEBUG_OUTPUT', 'stderr'), ('VSCODE_GIT_ASKPASS_EXTRA_ARGS', ''), ('QT_IM_MODULE', 'ibus'), ('PWD', '/home/manavendra/ros2_ws/src/build/lab4'), ('LC_ALL', 'en_US.UTF-8'), ('XDG_CONFIG_DIRS', '/etc/xdg/xdg-ubuntu:/etc/xdg'), ('CONDA_EXE', '/home/manavendra/miniconda3/bin/conda'), ('XDG_DATA_DIRS', '/usr/share/ubuntu:/usr/local/share/:/usr/share/:/var/lib/snapd/desktop'), ('PYTHONPATH', '/opt/ros/foxy/lib/python3.8/site-packages'), ('CONDA_PREFIX', '/home/manavendra/miniconda3'), ('COLCON', '1'), ('CMAKE_PREFIX_PATH', '/opt/ros/foxy')]), 'shell': False}
[2.972626] (lab3) StdoutLine: {'line': b'\x1b[35m\x1b[1mScanning dependencies of target wall_follow\x1b[0m\n'}
[3.003858] (-) TimerEvent: {}
[3.018806] (lab4) CommandEnded: {'returncode': 0}
[3.039929] (lab3) StdoutLine: {'line': b'[ 50%] \x1b[32mBuilding CXX object CMakeFiles/wall_follow.dir/src/wall_follow.cpp.o\x1b[0m\n'}
[3.044619] (lab4) JobProgress: {'identifier': 'lab4', 'progress': 'install'}
[3.051047] (lab2) StdoutLine: {'line': b'-- Found ament_lint_auto: 0.9.8 (/opt/ros/foxy/share/ament_lint_auto/cmake)\n'}
[3.057270] (lab4) Command: {'cmd': ['/usr/bin/cmake', '--install', '/home/manavendra/ros2_ws/src/build/lab4'], 'cwd': '/home/manavendra/ros2_ws/src/build/lab4', 'env': OrderedDict([('GJS_DEBUG_TOPICS', 'JS ERROR;JS LOG'), ('LESSOPEN', '| /usr/bin/lesspipe %s'), ('CONDA_PROMPT_MODIFIER', '(base)'), ('LANGUAGE', 'en_CA:en'), ('USER', 'manavendra'), ('SSH_AGENT_PID', '2004'), ('XDG_SESSION_TYPE', 'x11'), ('GIT_ASKPASS', '/usr/share/code/resources/app/extensions/git/dist/askpass.sh'), ('SHLVL', '1'), ('LD_LIBRARY_PATH', '/usr/lib/x86_64-linux-gnu/gazebo-11/plugins:/opt/ros/foxy/opt/yaml_cpp_vendor/lib:/opt/ros/foxy/opt/rviz_ogre_vendor/lib:/opt/ros/foxy/lib/x86_64-linux-gnu:/opt/ros/foxy/lib'), ('HOME', '/home/manavendra'), ('CHROME_DESKTOP', 'code-url-handler.desktop'), ('CONDA_SHLVL', '1'), ('TERM_PROGRAM_VERSION', '1.87.2'), ('DESKTOP_SESSION', 'ubuntu'), ('GIO_LAUNCHED_DESKTOP_FILE', '/usr/share/applications/code.desktop'), ('ROS_PYTHON_VERSION', '3'), ('GNOME_SHELL_SESSION_MODE', 'ubuntu'), ('GTK_MODULES', 'gail:atk-bridge'), ('VSCODE_GIT_ASKPASS_MAIN', '/usr/share/code/resources/app/extensions/git/dist/askpass-main.js'), ('VSCODE_GIT_ASKPASS_NODE', '/usr/share/code/code'), ('MANAGERPID', '1897'), ('DBUS_SESSION_BUS_ADDRESS', 'unix:path=/run/user/1000/bus'), ('COLORTERM', 'truecolor'), ('_CE_M', ''), ('GIO_LAUNCHED_DESKTOP_FILE_PID', '3786'), ('IM_CONFIG_PHASE', '1'), ('ROS_DISTRO', 'foxy'), ('LOGNAME', 'manavendra'), ('JOURNAL_STREAM', '8:45536'), ('_', '/usr/bin/colcon'), ('ROS_VERSION', '2'), ('XDG_SESSION_CLASS', 'user'), ('USERNAME', 'manavendra'), ('TERM', 'xterm-256color'), ('GNOME_DESKTOP_SESSION_ID', 'this-is-deprecated'), ('_CE_CONDA', ''), ('ROS_LOCALHOST_ONLY', '0'), ('WINDOWPATH', '2'), ('PATH', '/opt/ros/foxy/bin:/home/manavendra/.local/bin:/home/manavendra/bin:/home/manavendra/miniconda3/bin:/home/manavendra/miniconda3/condabin:/home/manavendra/.local/bin:/home/manavendra/bin:/usr/local/sbin:/usr/local/bin:/usr/sbin:/usr/bin:/sbin:/bin:/usr/games:/usr/local/games:/snap/bin'), ('SESSION_MANAGER', 'local/manavendra-Lenovo-Y520-15IKBM:@/tmp/.ICE-unix/2042,unix/manavendra-Lenovo-Y520-15IKBM:/tmp/.ICE-unix/2042'), ('INVOCATION_ID', 'b4adbe8a4e73499d9d342351e45cb1e1'), ('XDG_MENU_PREFIX', 'gnome-'), ('XDG_RUNTIME_DIR', '/run/user/1000'), ('GDK_BACKEND', 'x11'), ('DISPLAY', ':1'), ('LANG', 'en_US.UTF-8'), ('XDG_CURRENT_DESKTOP', 'Unity'), ('XMODIFIERS', '@im=ibus'), ('XDG_SESSION_DESKTOP', 'ubuntu'), ('XAUTHORITY', '/run/user/1000/gdm/Xauthority'), ('LS_COLORS', 'rs=0:di=01;34:ln=01;36:mh=00:pi=40;33:so=01;35:do=01;35:bd=40;33;01:cd=40;33;01:or=40;31;01:mi=00:su=37;41:sg=30;43:ca=30;41:tw=30;42:ow=34;42:st=37;44:ex=01;32:*.tar=01;31:*.tgz=01;31:*.arc=01;31:*.arj=01;31:*.taz=01;31:*.lha=01;31:*.lz4=01;31:*.lzh=01;31:*.lzma=01;31:*.tlz=01;31:*.txz=01;31:*.tzo=01;31:*.t7z=01;31:*.zip=01;31:*.z=01;31:*.dz=01;31:*.gz=01;31:*.lrz=01;31:*.lz=01;31:*.lzo=01;31:*.xz=01;31:*.zst=01;31:*.tzst=01;31:*.bz2=01;31:*.bz=01;31:*.tbz=01;31:*.tbz2=01;31:*.tz=01;31:*.deb=01;31:*.rpm=01;31:*.jar=01;31:*.war=01;31:*.ear=01;31:*.sar=01;31:*.rar=01;31:*.alz=01;31:*.ace=01;31:*.zoo=01;31:*.cpio=01;31:*.7z=01;31:*.rz=01;31:*.cab=01;31:*.wim=01;31:*.swm=01;31:*.dwm=01;31:*.esd=01;31:*.jpg=01;35:*.jpeg=01;35:*.mjpg=01;35:*.mjpeg=01;35:*.gif=01;35:*.bmp=01;35:*.pbm=01;35:*.pgm=01;35:*.ppm=01;35:*.tga=01;35:*.xbm=01;35:*.xpm=01;35:*.tif=01;35:*.tiff=01;35:*.png=01;35:*.svg=01;35:*.svgz=01;35:*.mng=01;35:*.pcx=01;35:*.mov=01;35:*.mpg=01;35:*.mpeg=01;35:*.m2v=01;35:*.mkv=01;35:*.webm=01;35:*.ogm=01;35:*.mp4=01;35:*.m4v=01;35:*.mp4v=01;35:*.vob=01;35:*.qt=01;35:*.nuv=01;35:*.wmv=01;35:*.asf=01;35:*.rm=01;35:*.rmvb=01;35:*.flc=01;35:*.avi=01;35:*.fli=01;35:*.flv=01;35:*.gl=01;35:*.dl=01;35:*.xcf=01;35:*.xwd=01;35:*.yuv=01;35:*.cgm=01;35:*.emf=01;35:*.ogv=01;35:*.ogx=01;35:*.aac=00;36:*.au=00;36:*.flac=00;36:*.m4a=00;36:*.mid=00;36:*.midi=00;36:*.mka=00;36:*.mp3=00;36:*.mpc=00;36:*.ogg=00;36:*.ra=00;36:*.wav=00;36:*.oga=00;36:*.opus=00;36:*.spx=00;36:*.xspf=00;36:'), ('VSCODE_GIT_IPC_HANDLE', '/run/user/1000/vscode-git-9bbc954ee4.sock'), ('TERM_PROGRAM', 'vscode'), ('SSH_AUTH_SOCK', '/run/user/1000/keyring/ssh'), ('AMENT_PREFIX_PATH', '/opt/ros/foxy'), ('CONDA_PYTHON_EXE', '/home/manavendra/miniconda3/bin/python'), ('ORIGINAL_XDG_CURRENT_DESKTOP', 'ubuntu:GNOME'), ('SHELL', '/bin/bash'), ('QT_ACCESSIBILITY', '1'), ('GDMSESSION', 'ubuntu'), ('LESSCLOSE', '/usr/bin/lesspipe %s %s'), ('CONDA_DEFAULT_ENV', 'base'), ('GPG_AGENT_INFO', '/run/user/1000/gnupg/S.gpg-agent:0:1'), ('GJS_DEBUG_OUTPUT', 'stderr'), ('VSCODE_GIT_ASKPASS_EXTRA_ARGS', ''), ('QT_IM_MODULE', 'ibus'), ('PWD', '/home/manavendra/ros2_ws/src/build/lab4'), ('LC_ALL', 'en_US.UTF-8'), ('XDG_CONFIG_DIRS', '/etc/xdg/xdg-ubuntu:/etc/xdg'), ('CONDA_EXE', '/home/manavendra/miniconda3/bin/conda'), ('XDG_DATA_DIRS', '/usr/share/ubuntu:/usr/local/share/:/usr/share/:/var/lib/snapd/desktop'), ('PYTHONPATH', '/opt/ros/foxy/lib/python3.8/site-packages'), ('CONDA_PREFIX', '/home/manavendra/miniconda3'), ('COLCON', '1'), ('CMAKE_PREFIX_PATH', '/opt/ros/foxy')]), 'shell': False}
[3.069445] (lab4) StdoutLine: {'line': b'-- Install configuration: ""\n'}
[3.069778] (lab4) StdoutLine: {'line': b'-- Installing: /home/manavendra/ros2_ws/src/install/lab4/share/lab4/environment/pythonpath.sh\n'}
[3.069992] (lab4) StdoutLine: {'line': b'-- Installing: /home/manavendra/ros2_ws/src/install/lab4/share/lab4/environment/pythonpath.dsv\n'}
[3.070215] (lab4) StdoutLine: {'line': b'-- Installing: /home/manavendra/ros2_ws/src/install/lab4/lib/python3.11/site-packages/lab4\n'}
[3.070684] (lab4) StdoutLine: {'line': b'-- Installing: /home/manavendra/ros2_ws/src/install/lab4/lib/python3.11/site-packages/lab4/__init__.py\n'}
[3.103971] (-) TimerEvent: {}
[3.104739] (lab4) StdoutLine: {'line': b"Listing '/home/manavendra/ros2_ws/src/install/lab4/lib/python3.11/site-packages/lab4'...\n"}
[3.104945] (lab4) StdoutLine: {'line': b"Compiling '/home/manavendra/ros2_ws/src/install/lab4/lib/python3.11/site-packages/lab4/__init__.py'...\n"}
[3.112473] (lab4) StdoutLine: {'line': b'-- Installing: /home/manavendra/ros2_ws/src/install/lab4/lib/lab4/gap_follow.py\n'}
[3.112763] (lab4) StdoutLine: {'line': b'-- Installing: /home/manavendra/ros2_ws/src/install/lab4/share/lab4/launch\n'}
[3.112962] (lab4) StdoutLine: {'line': b'-- Installing: /home/manavendra/ros2_ws/src/install/lab4/share/ament_index/resource_index/package_run_dependencies/lab4\n'}
[3.113202] (lab4) StdoutLine: {'line': b'-- Installing: /home/manavendra/ros2_ws/src/install/lab4/share/ament_index/resource_index/parent_prefix_path/lab4\n'}
[3.113449] (lab4) StdoutLine: {'line': b'-- Installing: /home/manavendra/ros2_ws/src/install/lab4/share/lab4/environment/ament_prefix_path.sh\n'}
[3.113693] (lab4) StdoutLine: {'line': b'-- Installing: /home/manavendra/ros2_ws/src/install/lab4/share/lab4/environment/ament_prefix_path.dsv\n'}
[3.113929] (lab4) StdoutLine: {'line': b'-- Installing: /home/manavendra/ros2_ws/src/install/lab4/share/lab4/environment/path.sh\n'}
[3.114147] (lab4) StdoutLine: {'line': b'-- Installing: /home/manavendra/ros2_ws/src/install/lab4/share/lab4/environment/path.dsv\n'}
[3.114377] (lab4) StdoutLine: {'line': b'-- Installing: /home/manavendra/ros2_ws/src/install/lab4/share/lab4/local_setup.bash\n'}
[3.114658] (lab4) StdoutLine: {'line': b'-- Installing: /home/manavendra/ros2_ws/src/install/lab4/share/lab4/local_setup.sh\n'}
[3.114946] (lab4) StdoutLine: {'line': b'-- Installing: /home/manavendra/ros2_ws/src/install/lab4/share/lab4/local_setup.zsh\n'}
[3.115191] (lab4) StdoutLine: {'line': b'-- Installing: /home/manavendra/ros2_ws/src/install/lab4/share/lab4/local_setup.dsv\n'}
[3.115419] (lab4) StdoutLine: {'line': b'-- Installing: /home/manavendra/ros2_ws/src/install/lab4/share/lab4/package.dsv\n'}
[3.115655] (lab4) StdoutLine: {'line': b'-- Installing: /home/manavendra/ros2_ws/src/install/lab4/share/ament_index/resource_index/packages/lab4\n'}
[3.116267] (lab4) StdoutLine: {'line': b'-- Installing: /home/manavendra/ros2_ws/src/install/lab4/share/lab4/cmake/lab4Config.cmake\n'}
[3.116459] (lab4) StdoutLine: {'line': b'-- Installing: /home/manavendra/ros2_ws/src/install/lab4/share/lab4/cmake/lab4Config-version.cmake\n'}
[3.116648] (lab4) StdoutLine: {'line': b'-- Installing: /home/manavendra/ros2_ws/src/install/lab4/share/lab4/package.xml\n'}
[3.118553] (lab4) CommandEnded: {'returncode': 0}
[3.161795] (lab4) JobEnded: {'identifier': 'lab4', 'rc': 0}
[3.204104] (-) TimerEvent: {}
[3.304429] (-) TimerEvent: {}
[3.404760] (-) TimerEvent: {}
[3.414875] (lab2) StdoutLine: {'line': b"-- Added test 'copyright' to check source files copyright and LICENSE\n"}
[3.417147] (lab2) StdoutLine: {'line': b"-- Added test 'cppcheck' to perform static code analysis on C / C++ code\n"}
[3.417556] (lab2) StdoutLine: {'line': b'-- Configured cppcheck include dirs: /home/manavendra/ros2_ws/src/lab2/include\n'}
[3.417711] (lab2) StdoutLine: {'line': b'-- Configured cppcheck exclude dirs and/or files: \n'}
[3.419578] (lab2) StdoutLine: {'line': b"-- Added test 'cpplint' to check C / C++ code against the Google style\n"}
[3.419717] (lab2) StdoutLine: {'line': b'-- Configured cpplint exclude dirs and/or files: \n'}
[3.420610] (lab2) StdoutLine: {'line': b"-- Added test 'flake8' to check Python code syntax and style conventions\n"}
[3.421659] (lab2) StdoutLine: {'line': b"-- Added test 'lint_cmake' to check CMake code style\n"}
[3.422572] (lab2) StdoutLine: {'line': b"-- Added test 'pep257' to check Python code against some of the style conventions in PEP 257\n"}
[3.424435] (lab2) StdoutLine: {'line': b"-- Added test 'uncrustify' to check C / C++ code style\n"}
[3.424638] (lab2) StdoutLine: {'line': b'-- Configured uncrustify additional arguments: \n'}
[3.425654] (lab2) StdoutLine: {'line': b"-- Added test 'xmllint' to check XML markup files\n"}
[3.431938] (lab2) StdoutLine: {'line': b'-- Configuring done\n'}
[3.459089] (lab2) StdoutLine: {'line': b'-- Generating done\n'}
[3.462073] (lab2) StdoutLine: {'line': b'-- Build files have been written to: /home/manavendra/ros2_ws/src/build/lab2\n'}
[3.476675] (lab2) CommandEnded: {'returncode': 0}
[3.477523] (lab2) JobProgress: {'identifier': 'lab2', 'progress': 'build'}
[3.477985] (lab2) Command: {'cmd': ['/usr/bin/cmake', '--build', '/home/manavendra/ros2_ws/src/build/lab2', '--', '-j8', '-l8'], 'cwd': '/home/manavendra/ros2_ws/src/build/lab2', 'env': OrderedDict([('GJS_DEBUG_TOPICS', 'JS ERROR;JS LOG'), ('LESSOPEN', '| /usr/bin/lesspipe %s'), ('CONDA_PROMPT_MODIFIER', '(base)'), ('LANGUAGE', 'en_CA:en'), ('USER', 'manavendra'), ('SSH_AGENT_PID', '2004'), ('XDG_SESSION_TYPE', 'x11'), ('GIT_ASKPASS', '/usr/share/code/resources/app/extensions/git/dist/askpass.sh'), ('SHLVL', '1'), ('LD_LIBRARY_PATH', '/usr/lib/x86_64-linux-gnu/gazebo-11/plugins:/opt/ros/foxy/opt/yaml_cpp_vendor/lib:/opt/ros/foxy/opt/rviz_ogre_vendor/lib:/opt/ros/foxy/lib/x86_64-linux-gnu:/opt/ros/foxy/lib'), ('HOME', '/home/manavendra'), ('CHROME_DESKTOP', 'code-url-handler.desktop'), ('CONDA_SHLVL', '1'), ('TERM_PROGRAM_VERSION', '1.87.2'), ('DESKTOP_SESSION', 'ubuntu'), ('GIO_LAUNCHED_DESKTOP_FILE', '/usr/share/applications/code.desktop'), ('ROS_PYTHON_VERSION', '3'), ('GNOME_SHELL_SESSION_MODE', 'ubuntu'), ('GTK_MODULES', 'gail:atk-bridge'), ('VSCODE_GIT_ASKPASS_MAIN', '/usr/share/code/resources/app/extensions/git/dist/askpass-main.js'), ('VSCODE_GIT_ASKPASS_NODE', '/usr/share/code/code'), ('MANAGERPID', '1897'), ('DBUS_SESSION_BUS_ADDRESS', 'unix:path=/run/user/1000/bus'), ('COLORTERM', 'truecolor'), ('_CE_M', ''), ('GIO_LAUNCHED_DESKTOP_FILE_PID', '3786'), ('IM_CONFIG_PHASE', '1'), ('ROS_DISTRO', 'foxy'), ('LOGNAME', 'manavendra'), ('JOURNAL_STREAM', '8:45536'), ('_', '/usr/bin/colcon'), ('ROS_VERSION', '2'), ('XDG_SESSION_CLASS', 'user'), ('USERNAME', 'manavendra'), ('TERM', 'xterm-256color'), ('GNOME_DESKTOP_SESSION_ID', 'this-is-deprecated'), ('_CE_CONDA', ''), ('ROS_LOCALHOST_ONLY', '0'), ('WINDOWPATH', '2'), ('PATH', '/opt/ros/foxy/bin:/home/manavendra/.local/bin:/home/manavendra/bin:/home/manavendra/miniconda3/bin:/home/manavendra/miniconda3/condabin:/home/manavendra/.local/bin:/home/manavendra/bin:/usr/local/sbin:/usr/local/bin:/usr/sbin:/usr/bin:/sbin:/bin:/usr/games:/usr/local/games:/snap/bin'), ('SESSION_MANAGER', 'local/manavendra-Lenovo-Y520-15IKBM:@/tmp/.ICE-unix/2042,unix/manavendra-Lenovo-Y520-15IKBM:/tmp/.ICE-unix/2042'), ('INVOCATION_ID', 'b4adbe8a4e73499d9d342351e45cb1e1'), ('XDG_MENU_PREFIX', 'gnome-'), ('XDG_RUNTIME_DIR', '/run/user/1000'), ('GDK_BACKEND', 'x11'), ('DISPLAY', ':1'), ('LANG', 'en_US.UTF-8'), ('XDG_CURRENT_DESKTOP', 'Unity'), ('XMODIFIERS', '@im=ibus'), ('XDG_SESSION_DESKTOP', 'ubuntu'), ('XAUTHORITY', '/run/user/1000/gdm/Xauthority'), ('LS_COLORS', 'rs=0:di=01;34:ln=01;36:mh=00:pi=40;33:so=01;35:do=01;35:bd=40;33;01:cd=40;33;01:or=40;31;01:mi=00:su=37;41:sg=30;43:ca=30;41:tw=30;42:ow=34;42:st=37;44:ex=01;32:*.tar=01;31:*.tgz=01;31:*.arc=01;31:*.arj=01;31:*.taz=01;31:*.lha=01;31:*.lz4=01;31:*.lzh=01;31:*.lzma=01;31:*.tlz=01;31:*.txz=01;31:*.tzo=01;31:*.t7z=01;31:*.zip=01;31:*.z=01;31:*.dz=01;31:*.gz=01;31:*.lrz=01;31:*.lz=01;31:*.lzo=01;31:*.xz=01;31:*.zst=01;31:*.tzst=01;31:*.bz2=01;31:*.bz=01;31:*.tbz=01;31:*.tbz2=01;31:*.tz=01;31:*.deb=01;31:*.rpm=01;31:*.jar=01;31:*.war=01;31:*.ear=01;31:*.sar=01;31:*.rar=01;31:*.alz=01;31:*.ace=01;31:*.zoo=01;31:*.cpio=01;31:*.7z=01;31:*.rz=01;31:*.cab=01;31:*.wim=01;31:*.swm=01;31:*.dwm=01;31:*.esd=01;31:*.jpg=01;35:*.jpeg=01;35:*.mjpg=01;35:*.mjpeg=01;35:*.gif=01;35:*.bmp=01;35:*.pbm=01;35:*.pgm=01;35:*.ppm=01;35:*.tga=01;35:*.xbm=01;35:*.xpm=01;35:*.tif=01;35:*.tiff=01;35:*.png=01;35:*.svg=01;35:*.svgz=01;35:*.mng=01;35:*.pcx=01;35:*.mov=01;35:*.mpg=01;35:*.mpeg=01;35:*.m2v=01;35:*.mkv=01;35:*.webm=01;35:*.ogm=01;35:*.mp4=01;35:*.m4v=01;35:*.mp4v=01;35:*.vob=01;35:*.qt=01;35:*.nuv=01;35:*.wmv=01;35:*.asf=01;35:*.rm=01;35:*.rmvb=01;35:*.flc=01;35:*.avi=01;35:*.fli=01;35:*.flv=01;35:*.gl=01;35:*.dl=01;35:*.xcf=01;35:*.xwd=01;35:*.yuv=01;35:*.cgm=01;35:*.emf=01;35:*.ogv=01;35:*.ogx=01;35:*.aac=00;36:*.au=00;36:*.flac=00;36:*.m4a=00;36:*.mid=00;36:*.midi=00;36:*.mka=00;36:*.mp3=00;36:*.mpc=00;36:*.ogg=00;36:*.ra=00;36:*.wav=00;36:*.oga=00;36:*.opus=00;36:*.spx=00;36:*.xspf=00;36:'), ('VSCODE_GIT_IPC_HANDLE', '/run/user/1000/vscode-git-9bbc954ee4.sock'), ('TERM_PROGRAM', 'vscode'), ('SSH_AUTH_SOCK', '/run/user/1000/keyring/ssh'), ('AMENT_PREFIX_PATH', '/opt/ros/foxy'), ('CONDA_PYTHON_EXE', '/home/manavendra/miniconda3/bin/python'), ('ORIGINAL_XDG_CURRENT_DESKTOP', 'ubuntu:GNOME'), ('SHELL', '/bin/bash'), ('QT_ACCESSIBILITY', '1'), ('GDMSESSION', 'ubuntu'), ('LESSCLOSE', '/usr/bin/lesspipe %s %s'), ('CONDA_DEFAULT_ENV', 'base'), ('GPG_AGENT_INFO', '/run/user/1000/gnupg/S.gpg-agent:0:1'), ('GJS_DEBUG_OUTPUT', 'stderr'), ('VSCODE_GIT_ASKPASS_EXTRA_ARGS', ''), ('QT_IM_MODULE', 'ibus'), ('PWD', '/home/manavendra/ros2_ws/src/build/lab2'), ('LC_ALL', 'en_US.UTF-8'), ('XDG_CONFIG_DIRS', '/etc/xdg/xdg-ubuntu:/etc/xdg'), ('CONDA_EXE', '/home/manavendra/miniconda3/bin/conda'), ('XDG_DATA_DIRS', '/usr/share/ubuntu:/usr/local/share/:/usr/share/:/var/lib/snapd/desktop'), ('PYTHONPATH', '/opt/ros/foxy/lib/python3.8/site-packages'), ('CONDA_PREFIX', '/home/manavendra/miniconda3'), ('COLCON', '1'), ('CMAKE_PREFIX_PATH', '/opt/ros/foxy')]), 'shell': False}
[3.504894] (-) TimerEvent: {}
[3.529635] (lab2) StdoutLine: {'line': b'\x1b[35m\x1b[1mScanning dependencies of target aeb\x1b[0m\n'}
[3.581889] (lab2) StdoutLine: {'line': b'[ 50%] \x1b[32mBuilding CXX object CMakeFiles/aeb.dir/src/aeb.cpp.o\x1b[0m\n'}
[3.604983] (-) TimerEvent: {}
[3.705329] (-) TimerEvent: {}
[3.805677] (-) TimerEvent: {}
[3.906040] (-) TimerEvent: {}
[4.006796] (-) TimerEvent: {}
[4.107174] (-) TimerEvent: {}
[4.207550] (-) TimerEvent: {}
[4.307911] (-) TimerEvent: {}
[4.408265] (-) TimerEvent: {}
[4.508802] (-) TimerEvent: {}
[4.609141] (-) TimerEvent: {}
[4.709482] (-) TimerEvent: {}
[4.809832] (-) TimerEvent: {}
[4.910181] (-) TimerEvent: {}
[5.010529] (-) TimerEvent: {}
[5.110866] (-) TimerEvent: {}
[5.211193] (-) TimerEvent: {}
[5.311506] (-) TimerEvent: {}
[5.411844] (-) TimerEvent: {}
[5.512197] (-) TimerEvent: {}
[5.612532] (-) TimerEvent: {}
[5.712866] (-) TimerEvent: {}
[5.813214] (-) TimerEvent: {}
[5.913557] (-) TimerEvent: {}
[6.013901] (-) TimerEvent: {}
[6.114250] (-) TimerEvent: {}
[6.214595] (-) TimerEvent: {}
[6.275869] (lab1_cpp) StdoutLine: {'line': b'[ 75%] \x1b[32m\x1b[1mLinking CXX executable talker\x1b[0m\n'}
[6.314707] (-) TimerEvent: {}
[6.415074] (-) TimerEvent: {}
[6.511941] (lab1_cpp) StdoutLine: {'line': b'[ 75%] Built target talker\n'}
[6.515211] (-) TimerEvent: {}
[6.615513] (-) TimerEvent: {}
[6.715800] (-) TimerEvent: {}
[6.816068] (-) TimerEvent: {}
[6.916407] (-) TimerEvent: {}
[7.016662] (-) TimerEvent: {}
[7.116948] (-) TimerEvent: {}
[7.217257] (-) TimerEvent: {}
[7.317545] (-) TimerEvent: {}
[7.417827] (-) TimerEvent: {}
[7.518114] (-) TimerEvent: {}
[7.618402] (-) TimerEvent: {}
[7.718665] (-) TimerEvent: {}
[7.818924] (-) TimerEvent: {}
[7.919215] (-) TimerEvent: {}
[8.019597] (-) TimerEvent: {}
[8.119958] (-) TimerEvent: {}
[8.220296] (-) TimerEvent: {}
[8.239341] (lab1_cpp) StdoutLine: {'line': b'[100%] \x1b[32m\x1b[1mLinking CXX executable relay\x1b[0m\n'}
[8.320425] (-) TimerEvent: {}
[8.420722] (-) TimerEvent: {}
[8.520988] (-) TimerEvent: {}
[8.537041] (lab1_cpp) StdoutLine: {'line': b'[100%] Built target relay\n'}
[8.551747] (lab1_cpp) CommandEnded: {'returncode': 0}
[8.581871] (lab1_cpp) JobProgress: {'identifier': 'lab1_cpp', 'progress': 'install'}
[8.584340] (lab1_cpp) Command: {'cmd': ['/usr/bin/cmake', '--install', '/home/manavendra/ros2_ws/src/build/lab1_cpp'], 'cwd': '/home/manavendra/ros2_ws/src/build/lab1_cpp', 'env': OrderedDict([('GJS_DEBUG_TOPICS', 'JS ERROR;JS LOG'), ('LESSOPEN', '| /usr/bin/lesspipe %s'), ('CONDA_PROMPT_MODIFIER', '(base)'), ('LANGUAGE', 'en_CA:en'), ('USER', 'manavendra'), ('SSH_AGENT_PID', '2004'), ('XDG_SESSION_TYPE', 'x11'), ('GIT_ASKPASS', '/usr/share/code/resources/app/extensions/git/dist/askpass.sh'), ('SHLVL', '1'), ('LD_LIBRARY_PATH', '/usr/lib/x86_64-linux-gnu/gazebo-11/plugins:/opt/ros/foxy/opt/yaml_cpp_vendor/lib:/opt/ros/foxy/opt/rviz_ogre_vendor/lib:/opt/ros/foxy/lib/x86_64-linux-gnu:/opt/ros/foxy/lib'), ('HOME', '/home/manavendra'), ('CHROME_DESKTOP', 'code-url-handler.desktop'), ('CONDA_SHLVL', '1'), ('TERM_PROGRAM_VERSION', '1.87.2'), ('DESKTOP_SESSION', 'ubuntu'), ('GIO_LAUNCHED_DESKTOP_FILE', '/usr/share/applications/code.desktop'), ('ROS_PYTHON_VERSION', '3'), ('GNOME_SHELL_SESSION_MODE', 'ubuntu'), ('GTK_MODULES', 'gail:atk-bridge'), ('VSCODE_GIT_ASKPASS_MAIN', '/usr/share/code/resources/app/extensions/git/dist/askpass-main.js'), ('VSCODE_GIT_ASKPASS_NODE', '/usr/share/code/code'), ('MANAGERPID', '1897'), ('DBUS_SESSION_BUS_ADDRESS', 'unix:path=/run/user/1000/bus'), ('COLORTERM', 'truecolor'), ('_CE_M', ''), ('GIO_LAUNCHED_DESKTOP_FILE_PID', '3786'), ('IM_CONFIG_PHASE', '1'), ('ROS_DISTRO', 'foxy'), ('LOGNAME', 'manavendra'), ('JOURNAL_STREAM', '8:45536'), ('_', '/usr/bin/colcon'), ('ROS_VERSION', '2'), ('XDG_SESSION_CLASS', 'user'), ('USERNAME', 'manavendra'), ('TERM', 'xterm-256color'), ('GNOME_DESKTOP_SESSION_ID', 'this-is-deprecated'), ('_CE_CONDA', ''), ('ROS_LOCALHOST_ONLY', '0'), ('WINDOWPATH', '2'), ('PATH', '/opt/ros/foxy/bin:/home/manavendra/.local/bin:/home/manavendra/bin:/home/manavendra/miniconda3/bin:/home/manavendra/miniconda3/condabin:/home/manavendra/.local/bin:/home/manavendra/bin:/usr/local/sbin:/usr/local/bin:/usr/sbin:/usr/bin:/sbin:/bin:/usr/games:/usr/local/games:/snap/bin'), ('SESSION_MANAGER', 'local/manavendra-Lenovo-Y520-15IKBM:@/tmp/.ICE-unix/2042,unix/manavendra-Lenovo-Y520-15IKBM:/tmp/.ICE-unix/2042'), ('INVOCATION_ID', 'b4adbe8a4e73499d9d342351e45cb1e1'), ('XDG_MENU_PREFIX', 'gnome-'), ('XDG_RUNTIME_DIR', '/run/user/1000'), ('GDK_BACKEND', 'x11'), ('DISPLAY', ':1'), ('LANG', 'en_US.UTF-8'), ('XDG_CURRENT_DESKTOP', 'Unity'), ('XMODIFIERS', '@im=ibus'), ('XDG_SESSION_DESKTOP', 'ubuntu'), ('XAUTHORITY', '/run/user/1000/gdm/Xauthority'), ('LS_COLORS', 'rs=0:di=01;34:ln=01;36:mh=00:pi=40;33:so=01;35:do=01;35:bd=40;33;01:cd=40;33;01:or=40;31;01:mi=00:su=37;41:sg=30;43:ca=30;41:tw=30;42:ow=34;42:st=37;44:ex=01;32:*.tar=01;31:*.tgz=01;31:*.arc=01;31:*.arj=01;31:*.taz=01;31:*.lha=01;31:*.lz4=01;31:*.lzh=01;31:*.lzma=01;31:*.tlz=01;31:*.txz=01;31:*.tzo=01;31:*.t7z=01;31:*.zip=01;31:*.z=01;31:*.dz=01;31:*.gz=01;31:*.lrz=01;31:*.lz=01;31:*.lzo=01;31:*.xz=01;31:*.zst=01;31:*.tzst=01;31:*.bz2=01;31:*.bz=01;31:*.tbz=01;31:*.tbz2=01;31:*.tz=01;31:*.deb=01;31:*.rpm=01;31:*.jar=01;31:*.war=01;31:*.ear=01;31:*.sar=01;31:*.rar=01;31:*.alz=01;31:*.ace=01;31:*.zoo=01;31:*.cpio=01;31:*.7z=01;31:*.rz=01;31:*.cab=01;31:*.wim=01;31:*.swm=01;31:*.dwm=01;31:*.esd=01;31:*.jpg=01;35:*.jpeg=01;35:*.mjpg=01;35:*.mjpeg=01;35:*.gif=01;35:*.bmp=01;35:*.pbm=01;35:*.pgm=01;35:*.ppm=01;35:*.tga=01;35:*.xbm=01;35:*.xpm=01;35:*.tif=01;35:*.tiff=01;35:*.png=01;35:*.svg=01;35:*.svgz=01;35:*.mng=01;35:*.pcx=01;35:*.mov=01;35:*.mpg=01;35:*.mpeg=01;35:*.m2v=01;35:*.mkv=01;35:*.webm=01;35:*.ogm=01;35:*.mp4=01;35:*.m4v=01;35:*.mp4v=01;35:*.vob=01;35:*.qt=01;35:*.nuv=01;35:*.wmv=01;35:*.asf=01;35:*.rm=01;35:*.rmvb=01;35:*.flc=01;35:*.avi=01;35:*.fli=01;35:*.flv=01;35:*.gl=01;35:*.dl=01;35:*.xcf=01;35:*.xwd=01;35:*.yuv=01;35:*.cgm=01;35:*.emf=01;35:*.ogv=01;35:*.ogx=01;35:*.aac=00;36:*.au=00;36:*.flac=00;36:*.m4a=00;36:*.mid=00;36:*.midi=00;36:*.mka=00;36:*.mp3=00;36:*.mpc=00;36:*.ogg=00;36:*.ra=00;36:*.wav=00;36:*.oga=00;36:*.opus=00;36:*.spx=00;36:*.xspf=00;36:'), ('VSCODE_GIT_IPC_HANDLE', '/run/user/1000/vscode-git-9bbc954ee4.sock'), ('TERM_PROGRAM', 'vscode'), ('SSH_AUTH_SOCK', '/run/user/1000/keyring/ssh'), ('AMENT_PREFIX_PATH', '/opt/ros/foxy'), ('CONDA_PYTHON_EXE', '/home/manavendra/miniconda3/bin/python'), ('ORIGINAL_XDG_CURRENT_DESKTOP', 'ubuntu:GNOME'), ('SHELL', '/bin/bash'), ('QT_ACCESSIBILITY', '1'), ('GDMSESSION', 'ubuntu'), ('LESSCLOSE', '/usr/bin/lesspipe %s %s'), ('CONDA_DEFAULT_ENV', 'base'), ('GPG_AGENT_INFO', '/run/user/1000/gnupg/S.gpg-agent:0:1'), ('GJS_DEBUG_OUTPUT', 'stderr'), ('VSCODE_GIT_ASKPASS_EXTRA_ARGS', ''), ('QT_IM_MODULE', 'ibus'), ('PWD', '/home/manavendra/ros2_ws/src/build/lab1_cpp'), ('LC_ALL', 'en_US.UTF-8'), ('XDG_CONFIG_DIRS', '/etc/xdg/xdg-ubuntu:/etc/xdg'), ('CONDA_EXE', '/home/manavendra/miniconda3/bin/conda'), ('XDG_DATA_DIRS', '/usr/share/ubuntu:/usr/local/share/:/usr/share/:/var/lib/snapd/desktop'), ('PYTHONPATH', '/opt/ros/foxy/lib/python3.8/site-packages'), ('CONDA_PREFIX', '/home/manavendra/miniconda3'), ('COLCON', '1'), ('CMAKE_PREFIX_PATH', '/opt/ros/foxy')]), 'shell': False}
[8.593696] (lab1_cpp) StdoutLine: {'line': b'-- Install configuration: ""\n'}
[8.593994] (lab1_cpp) StdoutLine: {'line': b'-- Installing: /home/manavendra/ros2_ws/src/install/lab1_cpp/lib/lab1_cpp/talker\n'}
[8.595364] (lab1_cpp) StdoutLine: {'line': b'-- Set runtime path of "/home/manavendra/ros2_ws/src/install/lab1_cpp/lib/lab1_cpp/talker" to ""\n'}
[8.595594] (lab1_cpp) StdoutLine: {'line': b'-- Installing: /home/manavendra/ros2_ws/src/install/lab1_cpp/lib/lab1_cpp/relay\n'}
[8.598253] (lab1_cpp) StdoutLine: {'line': b'-- Set runtime path of "/home/manavendra/ros2_ws/src/install/lab1_cpp/lib/lab1_cpp/relay" to ""\n'}
[8.598604] (lab1_cpp) StdoutLine: {'line': b'-- Installing: /home/manavendra/ros2_ws/src/install/lab1_cpp/share/lab1_cpp/launch\n'}
[8.598691] (lab1_cpp) StdoutLine: {'line': b'-- Installing: /home/manavendra/ros2_ws/src/install/lab1_cpp/share/lab1_cpp/launch/__pycache__\n'}
[8.598767] (lab1_cpp) StdoutLine: {'line': b'-- Installing: /home/manavendra/ros2_ws/src/install/lab1_cpp/share/lab1_cpp/launch/__pycache__/lab1_launch.cpython-38.pyc\n'}
[8.598956] (lab1_cpp) StdoutLine: {'line': b'-- Installing: /home/manavendra/ros2_ws/src/install/lab1_cpp/share/lab1_cpp/launch/lab1_launch.py\n'}
[8.599136] (lab1_cpp) StdoutLine: {'line': b'-- Installing: /home/manavendra/ros2_ws/src/install/lab1_cpp/share/ament_index/resource_index/package_run_dependencies/lab1_cpp\n'}
[8.599395] (lab1_cpp) StdoutLine: {'line': b'-- Installing: /home/manavendra/ros2_ws/src/install/lab1_cpp/share/ament_index/resource_index/parent_prefix_path/lab1_cpp\n'}
[8.599633] (lab1_cpp) StdoutLine: {'line': b'-- Installing: /home/manavendra/ros2_ws/src/install/lab1_cpp/share/lab1_cpp/environment/ament_prefix_path.sh\n'}
[8.599833] (lab1_cpp) StdoutLine: {'line': b'-- Installing: /home/manavendra/ros2_ws/src/install/lab1_cpp/share/lab1_cpp/environment/ament_prefix_path.dsv\n'}
[8.600021] (lab1_cpp) StdoutLine: {'line': b'-- Installing: /home/manavendra/ros2_ws/src/install/lab1_cpp/share/lab1_cpp/environment/path.sh\n'}
[8.600264] (lab1_cpp) StdoutLine: {'line': b'-- Installing: /home/manavendra/ros2_ws/src/install/lab1_cpp/share/lab1_cpp/environment/path.dsv\n'}
[8.600483] (lab1_cpp) StdoutLine: {'line': b'-- Installing: /home/manavendra/ros2_ws/src/install/lab1_cpp/share/lab1_cpp/local_setup.bash\n'}
[8.600712] (lab1_cpp) StdoutLine: {'line': b'-- Installing: /home/manavendra/ros2_ws/src/install/lab1_cpp/share/lab1_cpp/local_setup.sh\n'}
[8.600934] (lab1_cpp) StdoutLine: {'line': b'-- Installing: /home/manavendra/ros2_ws/src/install/lab1_cpp/share/lab1_cpp/local_setup.zsh\n'}
[8.601153] (lab1_cpp) StdoutLine: {'line': b'-- Installing: /home/manavendra/ros2_ws/src/install/lab1_cpp/share/lab1_cpp/local_setup.dsv\n'}
[8.601324] (lab1_cpp) StdoutLine: {'line': b'-- Installing: /home/manavendra/ros2_ws/src/install/lab1_cpp/share/lab1_cpp/package.dsv\n'}
[8.601581] (lab1_cpp) StdoutLine: {'line': b'-- Installing: /home/manavendra/ros2_ws/src/install/lab1_cpp/share/ament_index/resource_index/packages/lab1_cpp\n'}
[8.601814] (lab1_cpp) StdoutLine: {'line': b'-- Installing: /home/manavendra/ros2_ws/src/install/lab1_cpp/share/lab1_cpp/cmake/lab1_cppConfig.cmake\n'}
[8.601958] (lab1_cpp) StdoutLine: {'line': b'-- Installing: /home/manavendra/ros2_ws/src/install/lab1_cpp/share/lab1_cpp/cmake/lab1_cppConfig-version.cmake\n'}
[8.602152] (lab1_cpp) StdoutLine: {'line': b'-- Installing: /home/manavendra/ros2_ws/src/install/lab1_cpp/share/lab1_cpp/package.xml\n'}
[8.604351] (lab1_cpp) CommandEnded: {'returncode': 0}
[8.621157] (-) TimerEvent: {}
[8.655735] (lab1_cpp) JobEnded: {'identifier': 'lab1_cpp', 'rc': 0}
[8.721258] (-) TimerEvent: {}
[8.788449] (lab3) StdoutLine: {'line': b'[100%] \x1b[32m\x1b[1mLinking CXX executable wall_follow\x1b[0m\n'}
[8.821382] (-) TimerEvent: {}
[8.921726] (-) TimerEvent: {}
[9.022101] (-) TimerEvent: {}
[9.105438] (lab3) StdoutLine: {'line': b'[100%] Built target wall_follow\n'}
[9.117770] (lab3) CommandEnded: {'returncode': 0}
[9.122260] (-) TimerEvent: {}
[9.145757] (lab3) JobProgress: {'identifier': 'lab3', 'progress': 'install'}
[9.148069] (lab3) Command: {'cmd': ['/usr/bin/cmake', '--install', '/home/manavendra/ros2_ws/src/build/lab3'], 'cwd': '/home/manavendra/ros2_ws/src/build/lab3', 'env': OrderedDict([('GJS_DEBUG_TOPICS', 'JS ERROR;JS LOG'), ('LESSOPEN', '| /usr/bin/lesspipe %s'), ('CONDA_PROMPT_MODIFIER', '(base)'), ('LANGUAGE', 'en_CA:en'), ('USER', 'manavendra'), ('SSH_AGENT_PID', '2004'), ('XDG_SESSION_TYPE', 'x11'), ('GIT_ASKPASS', '/usr/share/code/resources/app/extensions/git/dist/askpass.sh'), ('SHLVL', '1'), ('LD_LIBRARY_PATH', '/usr/lib/x86_64-linux-gnu/gazebo-11/plugins:/opt/ros/foxy/opt/yaml_cpp_vendor/lib:/opt/ros/foxy/opt/rviz_ogre_vendor/lib:/opt/ros/foxy/lib/x86_64-linux-gnu:/opt/ros/foxy/lib'), ('HOME', '/home/manavendra'), ('CHROME_DESKTOP', 'code-url-handler.desktop'), ('CONDA_SHLVL', '1'), ('TERM_PROGRAM_VERSION', '1.87.2'), ('DESKTOP_SESSION', 'ubuntu'), ('GIO_LAUNCHED_DESKTOP_FILE', '/usr/share/applications/code.desktop'), ('ROS_PYTHON_VERSION', '3'), ('GNOME_SHELL_SESSION_MODE', 'ubuntu'), ('GTK_MODULES', 'gail:atk-bridge'), ('VSCODE_GIT_ASKPASS_MAIN', '/usr/share/code/resources/app/extensions/git/dist/askpass-main.js'), ('VSCODE_GIT_ASKPASS_NODE', '/usr/share/code/code'), ('MANAGERPID', '1897'), ('DBUS_SESSION_BUS_ADDRESS', 'unix:path=/run/user/1000/bus'), ('COLORTERM', 'truecolor'), ('_CE_M', ''), ('GIO_LAUNCHED_DESKTOP_FILE_PID', '3786'), ('IM_CONFIG_PHASE', '1'), ('ROS_DISTRO', 'foxy'), ('LOGNAME', 'manavendra'), ('JOURNAL_STREAM', '8:45536'), ('_', '/usr/bin/colcon'), ('ROS_VERSION', '2'), ('XDG_SESSION_CLASS', 'user'), ('USERNAME', 'manavendra'), ('TERM', 'xterm-256color'), ('GNOME_DESKTOP_SESSION_ID', 'this-is-deprecated'), ('_CE_CONDA', ''), ('ROS_LOCALHOST_ONLY', '0'), ('WINDOWPATH', '2'), ('PATH', '/opt/ros/foxy/bin:/home/manavendra/.local/bin:/home/manavendra/bin:/home/manavendra/miniconda3/bin:/home/manavendra/miniconda3/condabin:/home/manavendra/.local/bin:/home/manavendra/bin:/usr/local/sbin:/usr/local/bin:/usr/sbin:/usr/bin:/sbin:/bin:/usr/games:/usr/local/games:/snap/bin'), ('SESSION_MANAGER', 'local/manavendra-Lenovo-Y520-15IKBM:@/tmp/.ICE-unix/2042,unix/manavendra-Lenovo-Y520-15IKBM:/tmp/.ICE-unix/2042'), ('INVOCATION_ID', 'b4adbe8a4e73499d9d342351e45cb1e1'), ('XDG_MENU_PREFIX', 'gnome-'), ('XDG_RUNTIME_DIR', '/run/user/1000'), ('GDK_BACKEND', 'x11'), ('DISPLAY', ':1'), ('LANG', 'en_US.UTF-8'), ('XDG_CURRENT_DESKTOP', 'Unity'), ('XMODIFIERS', '@im=ibus'), ('XDG_SESSION_DESKTOP', 'ubuntu'), ('XAUTHORITY', '/run/user/1000/gdm/Xauthority'), ('LS_COLORS', 'rs=0:di=01;34:ln=01;36:mh=00:pi=40;33:so=01;35:do=01;35:bd=40;33;01:cd=40;33;01:or=40;31;01:mi=00:su=37;41:sg=30;43:ca=30;41:tw=30;42:ow=34;42:st=37;44:ex=01;32:*.tar=01;31:*.tgz=01;31:*.arc=01;31:*.arj=01;31:*.taz=01;31:*.lha=01;31:*.lz4=01;31:*.lzh=01;31:*.lzma=01;31:*.tlz=01;31:*.txz=01;31:*.tzo=01;31:*.t7z=01;31:*.zip=01;31:*.z=01;31:*.dz=01;31:*.gz=01;31:*.lrz=01;31:*.lz=01;31:*.lzo=01;31:*.xz=01;31:*.zst=01;31:*.tzst=01;31:*.bz2=01;31:*.bz=01;31:*.tbz=01;31:*.tbz2=01;31:*.tz=01;31:*.deb=01;31:*.rpm=01;31:*.jar=01;31:*.war=01;31:*.ear=01;31:*.sar=01;31:*.rar=01;31:*.alz=01;31:*.ace=01;31:*.zoo=01;31:*.cpio=01;31:*.7z=01;31:*.rz=01;31:*.cab=01;31:*.wim=01;31:*.swm=01;31:*.dwm=01;31:*.esd=01;31:*.jpg=01;35:*.jpeg=01;35:*.mjpg=01;35:*.mjpeg=01;35:*.gif=01;35:*.bmp=01;35:*.pbm=01;35:*.pgm=01;35:*.ppm=01;35:*.tga=01;35:*.xbm=01;35:*.xpm=01;35:*.tif=01;35:*.tiff=01;35:*.png=01;35:*.svg=01;35:*.svgz=01;35:*.mng=01;35:*.pcx=01;35:*.mov=01;35:*.mpg=01;35:*.mpeg=01;35:*.m2v=01;35:*.mkv=01;35:*.webm=01;35:*.ogm=01;35:*.mp4=01;35:*.m4v=01;35:*.mp4v=01;35:*.vob=01;35:*.qt=01;35:*.nuv=01;35:*.wmv=01;35:*.asf=01;35:*.rm=01;35:*.rmvb=01;35:*.flc=01;35:*.avi=01;35:*.fli=01;35:*.flv=01;35:*.gl=01;35:*.dl=01;35:*.xcf=01;35:*.xwd=01;35:*.yuv=01;35:*.cgm=01;35:*.emf=01;35:*.ogv=01;35:*.ogx=01;35:*.aac=00;36:*.au=00;36:*.flac=00;36:*.m4a=00;36:*.mid=00;36:*.midi=00;36:*.mka=00;36:*.mp3=00;36:*.mpc=00;36:*.ogg=00;36:*.ra=00;36:*.wav=00;36:*.oga=00;36:*.opus=00;36:*.spx=00;36:*.xspf=00;36:'), ('VSCODE_GIT_IPC_HANDLE', '/run/user/1000/vscode-git-9bbc954ee4.sock'), ('TERM_PROGRAM', 'vscode'), ('SSH_AUTH_SOCK', '/run/user/1000/keyring/ssh'), ('AMENT_PREFIX_PATH', '/opt/ros/foxy'), ('CONDA_PYTHON_EXE', '/home/manavendra/miniconda3/bin/python'), ('ORIGINAL_XDG_CURRENT_DESKTOP', 'ubuntu:GNOME'), ('SHELL', '/bin/bash'), ('QT_ACCESSIBILITY', '1'), ('GDMSESSION', 'ubuntu'), ('LESSCLOSE', '/usr/bin/lesspipe %s %s'), ('CONDA_DEFAULT_ENV', 'base'), ('GPG_AGENT_INFO', '/run/user/1000/gnupg/S.gpg-agent:0:1'), ('GJS_DEBUG_OUTPUT', 'stderr'), ('VSCODE_GIT_ASKPASS_EXTRA_ARGS', ''), ('QT_IM_MODULE', 'ibus'), ('PWD', '/home/manavendra/ros2_ws/src/build/lab3'), ('LC_ALL', 'en_US.UTF-8'), ('XDG_CONFIG_DIRS', '/etc/xdg/xdg-ubuntu:/etc/xdg'), ('CONDA_EXE', '/home/manavendra/miniconda3/bin/conda'), ('XDG_DATA_DIRS', '/usr/share/ubuntu:/usr/local/share/:/usr/share/:/var/lib/snapd/desktop'), ('PYTHONPATH', '/opt/ros/foxy/lib/python3.8/site-packages'), ('CONDA_PREFIX', '/home/manavendra/miniconda3'), ('COLCON', '1'), ('CMAKE_PREFIX_PATH', '/opt/ros/foxy')]), 'shell': False}
[9.157611] (lab3) StdoutLine: {'line': b'-- Install configuration: ""\n'}
[9.157913] (lab3) StdoutLine: {'line': b'-- Installing: /home/manavendra/ros2_ws/src/install/lab3/lib/lab3/wall_follow\n'}
[9.160709] (lab3) StdoutLine: {'line': b'-- Set runtime path of "/home/manavendra/ros2_ws/src/install/lab3/lib/lab3/wall_follow" to ""\n'}
[9.160979] (lab3) StdoutLine: {'line': b'-- Installing: /home/manavendra/ros2_ws/src/install/lab3/share/lab3/environment/pythonpath.sh\n'}
[9.161141] (lab3) StdoutLine: {'line': b'-- Installing: /home/manavendra/ros2_ws/src/install/lab3/share/lab3/environment/pythonpath.dsv\n'}
[9.161347] (lab3) StdoutLine: {'line': b'-- Installing: /home/manavendra/ros2_ws/src/install/lab3/lib/python3.11/site-packages/lab3\n'}
[9.161550] (lab3) StdoutLine: {'line': b'-- Installing: /home/manavendra/ros2_ws/src/install/lab3/lib/python3.11/site-packages/lab3/__init__.py\n'}
[9.193826] (lab3) StdoutLine: {'line': b"Listing '/home/manavendra/ros2_ws/src/install/lab3/lib/python3.11/site-packages/lab3'...\n"}
[9.194070] (lab3) StdoutLine: {'line': b"Compiling '/home/manavendra/ros2_ws/src/install/lab3/lib/python3.11/site-packages/lab3/__init__.py'...\n"}
[9.199183] (lab3) StdoutLine: {'line': b'-- Installing: /home/manavendra/ros2_ws/src/install/lab3/lib/lab3/wall_follow.py\n'}
[9.199488] (lab3) StdoutLine: {'line': b'-- Installing: /home/manavendra/ros2_ws/src/install/lab3/share/lab3/launch\n'}
[9.199673] (lab3) StdoutLine: {'line': b'-- Installing: /home/manavendra/ros2_ws/src/install/lab3/share/lab3/launch/lab3_wall_follow.py\n'}
[9.199859] (lab3) StdoutLine: {'line': b'-- Installing: /home/manavendra/ros2_ws/src/install/lab3/share/ament_index/resource_index/package_run_dependencies/lab3\n'}
[9.200033] (lab3) StdoutLine: {'line': b'-- Installing: /home/manavendra/ros2_ws/src/install/lab3/share/ament_index/resource_index/parent_prefix_path/lab3\n'}
[9.200238] (lab3) StdoutLine: {'line': b'-- Installing: /home/manavendra/ros2_ws/src/install/lab3/share/lab3/environment/ament_prefix_path.sh\n'}
[9.200400] (lab3) StdoutLine: {'line': b'-- Installing: /home/manavendra/ros2_ws/src/install/lab3/share/lab3/environment/ament_prefix_path.dsv\n'}
[9.200562] (lab3) StdoutLine: {'line': b'-- Installing: /home/manavendra/ros2_ws/src/install/lab3/share/lab3/environment/path.sh\n'}
[9.200727] (lab3) StdoutLine: {'line': b'-- Installing: /home/manavendra/ros2_ws/src/install/lab3/share/lab3/environment/path.dsv\n'}
[9.200931] (lab3) StdoutLine: {'line': b'-- Installing: /home/manavendra/ros2_ws/src/install/lab3/share/lab3/local_setup.bash\n'}
[9.201125] (lab3) StdoutLine: {'line': b'-- Installing: /home/manavendra/ros2_ws/src/install/lab3/share/lab3/local_setup.sh\n'}
[9.201319] (lab3) StdoutLine: {'line': b'-- Installing: /home/manavendra/ros2_ws/src/install/lab3/share/lab3/local_setup.zsh\n'}
[9.201479] (lab3) StdoutLine: {'line': b'-- Installing: /home/manavendra/ros2_ws/src/install/lab3/share/lab3/local_setup.dsv\n'}
[9.201649] (lab3) StdoutLine: {'line': b'-- Installing: /home/manavendra/ros2_ws/src/install/lab3/share/lab3/package.dsv\n'}
[9.201854] (lab3) StdoutLine: {'line': b'-- Installing: /home/manavendra/ros2_ws/src/install/lab3/share/ament_index/resource_index/packages/lab3\n'}
[9.202045] (lab3) StdoutLine: {'line': b'-- Installing: /home/manavendra/ros2_ws/src/install/lab3/share/lab3/cmake/lab3Config.cmake\n'}
[9.202193] (lab3) StdoutLine: {'line': b'-- Installing: /home/manavendra/ros2_ws/src/install/lab3/share/lab3/cmake/lab3Config-version.cmake\n'}
[9.202367] (lab3) StdoutLine: {'line': b'-- Installing: /home/manavendra/ros2_ws/src/install/lab3/share/lab3/package.xml\n'}
[9.205706] (lab3) CommandEnded: {'returncode': 0}
[9.222397] (-) TimerEvent: {}
[9.250599] (lab3) JobEnded: {'identifier': 'lab3', 'rc': 0}
[9.322492] (-) TimerEvent: {}
[9.422785] (-) TimerEvent: {}
[9.523087] (-) TimerEvent: {}
[9.623382] (-) TimerEvent: {}
[9.723697] (-) TimerEvent: {}
[9.823996] (-) TimerEvent: {}
[9.924309] (-) TimerEvent: {}
[10.024609] (-) TimerEvent: {}
[10.124907] (-) TimerEvent: {}
[10.225203] (-) TimerEvent: {}
[10.325483] (-) TimerEvent: {}
[10.425819] (-) TimerEvent: {}
[10.526153] (-) TimerEvent: {}
[10.626498] (-) TimerEvent: {}
[10.709139] (lab2) StdoutLine: {'line': b'[100%] \x1b[32m\x1b[1mLinking CXX executable aeb\x1b[0m\n'}
[10.726607] (-) TimerEvent: {}
[10.826899] (-) TimerEvent: {}
[10.927227] (-) TimerEvent: {}
[11.027554] (-) TimerEvent: {}
[11.102379] (lab2) StdoutLine: {'line': b'[100%] Built target aeb\n'}
[11.113800] (lab2) CommandEnded: {'returncode': 0}
[11.127802] (-) TimerEvent: {}
[11.139608] (lab2) JobProgress: {'identifier': 'lab2', 'progress': 'install'}
[11.140170] (lab2) Command: {'cmd': ['/usr/bin/cmake', '--install', '/home/manavendra/ros2_ws/src/build/lab2'], 'cwd': '/home/manavendra/ros2_ws/src/build/lab2', 'env': OrderedDict([('GJS_DEBUG_TOPICS', 'JS ERROR;JS LOG'), ('LESSOPEN', '| /usr/bin/lesspipe %s'), ('CONDA_PROMPT_MODIFIER', '(base)'), ('LANGUAGE', 'en_CA:en'), ('USER', 'manavendra'), ('SSH_AGENT_PID', '2004'), ('XDG_SESSION_TYPE', 'x11'), ('GIT_ASKPASS', '/usr/share/code/resources/app/extensions/git/dist/askpass.sh'), ('SHLVL', '1'), ('LD_LIBRARY_PATH', '/usr/lib/x86_64-linux-gnu/gazebo-11/plugins:/opt/ros/foxy/opt/yaml_cpp_vendor/lib:/opt/ros/foxy/opt/rviz_ogre_vendor/lib:/opt/ros/foxy/lib/x86_64-linux-gnu:/opt/ros/foxy/lib'), ('HOME', '/home/manavendra'), ('CHROME_DESKTOP', 'code-url-handler.desktop'), ('CONDA_SHLVL', '1'), ('TERM_PROGRAM_VERSION', '1.87.2'), ('DESKTOP_SESSION', 'ubuntu'), ('GIO_LAUNCHED_DESKTOP_FILE', '/usr/share/applications/code.desktop'), ('ROS_PYTHON_VERSION', '3'), ('GNOME_SHELL_SESSION_MODE', 'ubuntu'), ('GTK_MODULES', 'gail:atk-bridge'), ('VSCODE_GIT_ASKPASS_MAIN', '/usr/share/code/resources/app/extensions/git/dist/askpass-main.js'), ('VSCODE_GIT_ASKPASS_NODE', '/usr/share/code/code'), ('MANAGERPID', '1897'), ('DBUS_SESSION_BUS_ADDRESS', 'unix:path=/run/user/1000/bus'), ('COLORTERM', 'truecolor'), ('_CE_M', ''), ('GIO_LAUNCHED_DESKTOP_FILE_PID', '3786'), ('IM_CONFIG_PHASE', '1'), ('ROS_DISTRO', 'foxy'), ('LOGNAME', 'manavendra'), ('JOURNAL_STREAM', '8:45536'), ('_', '/usr/bin/colcon'), ('ROS_VERSION', '2'), ('XDG_SESSION_CLASS', 'user'), ('USERNAME', 'manavendra'), ('TERM', 'xterm-256color'), ('GNOME_DESKTOP_SESSION_ID', 'this-is-deprecated'), ('_CE_CONDA', ''), ('ROS_LOCALHOST_ONLY', '0'), ('WINDOWPATH', '2'), ('PATH', '/opt/ros/foxy/bin:/home/manavendra/.local/bin:/home/manavendra/bin:/home/manavendra/miniconda3/bin:/home/manavendra/miniconda3/condabin:/home/manavendra/.local/bin:/home/manavendra/bin:/usr/local/sbin:/usr/local/bin:/usr/sbin:/usr/bin:/sbin:/bin:/usr/games:/usr/local/games:/snap/bin'), ('SESSION_MANAGER', 'local/manavendra-Lenovo-Y520-15IKBM:@/tmp/.ICE-unix/2042,unix/manavendra-Lenovo-Y520-15IKBM:/tmp/.ICE-unix/2042'), ('INVOCATION_ID', 'b4adbe8a4e73499d9d342351e45cb1e1'), ('XDG_MENU_PREFIX', 'gnome-'), ('XDG_RUNTIME_DIR', '/run/user/1000'), ('GDK_BACKEND', 'x11'), ('DISPLAY', ':1'), ('LANG', 'en_US.UTF-8'), ('XDG_CURRENT_DESKTOP', 'Unity'), ('XMODIFIERS', '@im=ibus'), ('XDG_SESSION_DESKTOP', 'ubuntu'), ('XAUTHORITY', '/run/user/1000/gdm/Xauthority'), ('LS_COLORS', 'rs=0:di=01;34:ln=01;36:mh=00:pi=40;33:so=01;35:do=01;35:bd=40;33;01:cd=40;33;01:or=40;31;01:mi=00:su=37;41:sg=30;43:ca=30;41:tw=30;42:ow=34;42:st=37;44:ex=01;32:*.tar=01;31:*.tgz=01;31:*.arc=01;31:*.arj=01;31:*.taz=01;31:*.lha=01;31:*.lz4=01;31:*.lzh=01;31:*.lzma=01;31:*.tlz=01;31:*.txz=01;31:*.tzo=01;31:*.t7z=01;31:*.zip=01;31:*.z=01;31:*.dz=01;31:*.gz=01;31:*.lrz=01;31:*.lz=01;31:*.lzo=01;31:*.xz=01;31:*.zst=01;31:*.tzst=01;31:*.bz2=01;31:*.bz=01;31:*.tbz=01;31:*.tbz2=01;31:*.tz=01;31:*.deb=01;31:*.rpm=01;31:*.jar=01;31:*.war=01;31:*.ear=01;31:*.sar=01;31:*.rar=01;31:*.alz=01;31:*.ace=01;31:*.zoo=01;31:*.cpio=01;31:*.7z=01;31:*.rz=01;31:*.cab=01;31:*.wim=01;31:*.swm=01;31:*.dwm=01;31:*.esd=01;31:*.jpg=01;35:*.jpeg=01;35:*.mjpg=01;35:*.mjpeg=01;35:*.gif=01;35:*.bmp=01;35:*.pbm=01;35:*.pgm=01;35:*.ppm=01;35:*.tga=01;35:*.xbm=01;35:*.xpm=01;35:*.tif=01;35:*.tiff=01;35:*.png=01;35:*.svg=01;35:*.svgz=01;35:*.mng=01;35:*.pcx=01;35:*.mov=01;35:*.mpg=01;35:*.mpeg=01;35:*.m2v=01;35:*.mkv=01;35:*.webm=01;35:*.ogm=01;35:*.mp4=01;35:*.m4v=01;35:*.mp4v=01;35:*.vob=01;35:*.qt=01;35:*.nuv=01;35:*.wmv=01;35:*.asf=01;35:*.rm=01;35:*.rmvb=01;35:*.flc=01;35:*.avi=01;35:*.fli=01;35:*.flv=01;35:*.gl=01;35:*.dl=01;35:*.xcf=01;35:*.xwd=01;35:*.yuv=01;35:*.cgm=01;35:*.emf=01;35:*.ogv=01;35:*.ogx=01;35:*.aac=00;36:*.au=00;36:*.flac=00;36:*.m4a=00;36:*.mid=00;36:*.midi=00;36:*.mka=00;36:*.mp3=00;36:*.mpc=00;36:*.ogg=00;36:*.ra=00;36:*.wav=00;36:*.oga=00;36:*.opus=00;36:*.spx=00;36:*.xspf=00;36:'), ('VSCODE_GIT_IPC_HANDLE', '/run/user/1000/vscode-git-9bbc954ee4.sock'), ('TERM_PROGRAM', 'vscode'), ('SSH_AUTH_SOCK', '/run/user/1000/keyring/ssh'), ('AMENT_PREFIX_PATH', '/opt/ros/foxy'), ('CONDA_PYTHON_EXE', '/home/manavendra/miniconda3/bin/python'), ('ORIGINAL_XDG_CURRENT_DESKTOP', 'ubuntu:GNOME'), ('SHELL', '/bin/bash'), ('QT_ACCESSIBILITY', '1'), ('GDMSESSION', 'ubuntu'), ('LESSCLOSE', '/usr/bin/lesspipe %s %s'), ('CONDA_DEFAULT_ENV', 'base'), ('GPG_AGENT_INFO', '/run/user/1000/gnupg/S.gpg-agent:0:1'), ('GJS_DEBUG_OUTPUT', 'stderr'), ('VSCODE_GIT_ASKPASS_EXTRA_ARGS', ''), ('QT_IM_MODULE', 'ibus'), ('PWD', '/home/manavendra/ros2_ws/src/build/lab2'), ('LC_ALL', 'en_US.UTF-8'), ('XDG_CONFIG_DIRS', '/etc/xdg/xdg-ubuntu:/etc/xdg'), ('CONDA_EXE', '/home/manavendra/miniconda3/bin/conda'), ('XDG_DATA_DIRS', '/usr/share/ubuntu:/usr/local/share/:/usr/share/:/var/lib/snapd/desktop'), ('PYTHONPATH', '/opt/ros/foxy/lib/python3.8/site-packages'), ('CONDA_PREFIX', '/home/manavendra/miniconda3'), ('COLCON', '1'), ('CMAKE_PREFIX_PATH', '/opt/ros/foxy')]), 'shell': False}
[11.151193] (lab2) StdoutLine: {'line': b'-- Install configuration: ""\n'}
[11.151495] (lab2) StdoutLine: {'line': b'-- Installing: /home/manavendra/ros2_ws/src/install/lab2/lib/lab2/aeb\n'}
[11.154281] (lab2) StdoutLine: {'line': b'-- Set runtime path of "/home/manavendra/ros2_ws/src/install/lab2/lib/lab2/aeb" to ""\n'}
[11.154466] (lab2) StdoutLine: {'line': b'-- Installing: /home/manavendra/ros2_ws/src/install/lab2/share/lab2/environment/pythonpath.sh\n'}
[11.154681] (lab2) StdoutLine: {'line': b'-- Installing: /home/manavendra/ros2_ws/src/install/lab2/share/lab2/environment/pythonpath.dsv\n'}
[11.154916] (lab2) StdoutLine: {'line': b'-- Installing: /home/manavendra/ros2_ws/src/install/lab2/lib/python3.11/site-packages/lab2\n'}
[11.155020] (lab2) StdoutLine: {'line': b'-- Installing: /home/manavendra/ros2_ws/src/install/lab2/lib/python3.11/site-packages/lab2/__init__.py\n'}
[11.186000] (lab2) StdoutLine: {'line': b"Listing '/home/manavendra/ros2_ws/src/install/lab2/lib/python3.11/site-packages/lab2'...\n"}
[11.186184] (lab2) StdoutLine: {'line': b"Compiling '/home/manavendra/ros2_ws/src/install/lab2/lib/python3.11/site-packages/lab2/__init__.py'...\n"}
[11.190717] (lab2) StdoutLine: {'line': b'-- Installing: /home/manavendra/ros2_ws/src/install/lab2/lib/lab2/aeb.py\n'}
[11.191007] (lab2) StdoutLine: {'line': b'-- Installing: /home/manavendra/ros2_ws/src/install/lab2/share/lab2/launch\n'}
[11.191092] (lab2) StdoutLine: {'line': b'-- Installing: /home/manavendra/ros2_ws/src/install/lab2/share/lab2/launch/lab2_aeb.py\n'}
[11.191261] (lab2) StdoutLine: {'line': b'-- Installing: /home/manavendra/ros2_ws/src/install/lab2/share/ament_index/resource_index/package_run_dependencies/lab2\n'}
[11.191510] (lab2) StdoutLine: {'line': b'-- Installing: /home/manavendra/ros2_ws/src/install/lab2/share/ament_index/resource_index/parent_prefix_path/lab2\n'}
[11.191698] (lab2) StdoutLine: {'line': b'-- Installing: /home/manavendra/ros2_ws/src/install/lab2/share/lab2/environment/ament_prefix_path.sh\n'}
[11.191833] (lab2) StdoutLine: {'line': b'-- Installing: /home/manavendra/ros2_ws/src/install/lab2/share/lab2/environment/ament_prefix_path.dsv\n'}
[11.191939] (lab2) StdoutLine: {'line': b'-- Installing: /home/manavendra/ros2_ws/src/install/lab2/share/lab2/environment/path.sh\n'}
[11.192072] (lab2) StdoutLine: {'line': b'-- Installing: /home/manavendra/ros2_ws/src/install/lab2/share/lab2/environment/path.dsv\n'}
[11.192368] (lab2) StdoutLine: {'line': b'-- Installing: /home/manavendra/ros2_ws/src/install/lab2/share/lab2/local_setup.bash\n'}
[11.192540] (lab2) StdoutLine: {'line': b'-- Installing: /home/manavendra/ros2_ws/src/install/lab2/share/lab2/local_setup.sh\n'}
[11.192650] (lab2) StdoutLine: {'line': b'-- Installing: /home/manavendra/ros2_ws/src/install/lab2/share/lab2/local_setup.zsh\n'}
[11.192782] (lab2) StdoutLine: {'line': b'-- Installing: /home/manavendra/ros2_ws/src/install/lab2/share/lab2/local_setup.dsv\n'}
[11.192932] (lab2) StdoutLine: {'line': b'-- Installing: /home/manavendra/ros2_ws/src/install/lab2/share/lab2/package.dsv\n'}
[11.193117] (lab2) StdoutLine: {'line': b'-- Installing: /home/manavendra/ros2_ws/src/install/lab2/share/ament_index/resource_index/packages/lab2\n'}
[11.193281] (lab2) StdoutLine: {'line': b'-- Installing: /home/manavendra/ros2_ws/src/install/lab2/share/lab2/cmake/lab2Config.cmake\n'}
[11.193435] (lab2) StdoutLine: {'line': b'-- Installing: /home/manavendra/ros2_ws/src/install/lab2/share/lab2/cmake/lab2Config-version.cmake\n'}
[11.193586] (lab2) StdoutLine: {'line': b'-- Installing: /home/manavendra/ros2_ws/src/install/lab2/share/lab2/package.xml\n'}
[11.195402] (lab2) CommandEnded: {'returncode': 0}
[11.227985] (-) TimerEvent: {}
[11.233020] (lab2) JobEnded: {'identifier': 'lab2', 'rc': 0}
[11.234178] (-) EventReactorShutdown: {}
